candidate_id,name,party_code,number,title,text
798,Sofie de Bretteville Olsen,A,1,For børnene. For mindre klasser og flere pædagoger.,"Vores børn fortjener det allerbedste. De er det vigtigste, vi har.
I dag er det ikke alle børn, der trives lige godt.

Jeg vil arbejde for, at vores børn får en bedre hverdag. Med færre elever i klasserne og flere pædagoger i vores vuggestuer og børnehaver. Så vores børn får den øjenkontakt og det nærvær, de fortjener. Og så vores lærere og pædagoger får tiden til at bruge deres faglighed.
"
798,Sofie de Bretteville Olsen,A,2,"For hurtig, god og gratis behandling i sundhedsvæsenet. Imod brugerbetaling.","Uligheden i sundhed vokser. Hvor længe man lever, hvor rask man er, og hvor mange gode år man har, afhænger stadig af, hvor man er født, og hvad man kommer fra. Ligesom tårnhøje tandlægeregninger og prisen på medicin vælter mange menneskers økonomi. Det mener jeg er uretfærdigt.

Derfor vil jeg til hver en tid vælge velfærd frem for besparelser.
"
798,Sofie de Bretteville Olsen,A,3,For værdig og retfærdig pension. Imod den automatiske stigning i pensionsalderen,"Jeg mener ikke, at man skal arbejde, til man er langt oppe i 70’erne. Pensionsalderen kan ikke bare blive ved med at stige.

Derfor vil jeg stoppe den automatiske stigning i pensionsalderen og udvide Arnepensionen. Så dem med de hårdeste jobs, der har været længst tid på arbejdsmarkedet, kan trække sig tidligere tilbage.
"
750,Gunvor Wibroe,A,1,Nær velfærd: Fra dejligt børneliv til en tryg alderdom,"Jeg kæmper for et stærkt velfærdssamfund, vi kan have tillid til. Fra barnets første spæde skridt - til livets sidste år. Vi skal have daginstitutioner med tid og omsorg til de mindste. Og skoler med ro, nærvær og færre elever per klasse. Og for vores seniorer - en tilbagetrækning fra arbejdslivet med mange gode år til et aktivt seniorliv til en værdig ældrepleje, når vi får brug for den."
750,Gunvor Wibroe,A,2,Et stærkt forsvar af Danmark,"Vi lever i en utryg og meget voldsom verden. Der er krig i Europa, og USA - med en utilregnelig Trump i spidsen - truer Grønland og Danmark med invasion og overtagelse. Vi kan ikke længere tage amerikansk støtte for givet. Samtidig presser tech-oligarker vores demokratier. Derfor skal Danmark og Europa opruste militært og teknologisk, så vi kan stå på egne ben."
750,Gunvor Wibroe,A,3,Lige adgang til sundhed - uanset pengepung og postnummer,"Vi bliver flere ældre, og det betyder flere komplekse sygdomme, som presser sundhedsvæsenet. Derfor skal vi investere i et stærkt sundhedsvæsen med hurtig diagnose, effektiv behandling og let adgang til genoptræning. Samtidig skal vi styrke forebyggelsen med fokus på kost, bevægelse og fritidstilbud, så flere kan leve et sundt og godt liv."
754,Jens Anton Tingstrøm,A,1,Mere natur og rent drikkevand,"Jeg arbejder i Danmarks Naturfredningsforening og vil bruge min viden i Folketinget.

Vi skal have mere natur, høje klimamål og forbyde landbruget at forurene drikkevandet. 

I dag har vi for lidt natur. Sommerfugle og planter er ved at uddø. Vi står også i en alvorlig klimakrise, der giver oversvømmelser og skovbrande i Europa.

Vi skal også stille strengere krav om dyrevelfærd for især grise."
754,Jens Anton Tingstrøm,A,2,Ro og tryghed for vores børn - skole og daginstitutioner,"Som far til to børn i børnehave og folkeskole har jeg området inde på livet.

Vi skal prioritere området højere: Vi skal have mindre klassestørrelser og flere timer med to lærere i klassen. Fritidsområdet med SFO og klub har brug for mere fokus.

I vuggestuer og børnehaver skal vi have gode normeringer. Jeg er meget optaget af, at vi har nok uddannede pædagoger. Faglighed er afgørende for børnene."
754,Jens Anton Tingstrøm,A,3,Værdighed for ældre og sårbare (handicap),"Vi skal tiltrække og fastholde dygtigt personale i ældreplejen. I dag møder ældre for mange forskellige hjælpere.

De pårørende til ældre er ofte pressede og skal koordinere mange ting. De har brug for mere støtte.
 
Ensomhed rammer mange ældre og mennesker med handicap. Der er brug for flere fællesskaber.

Ældre og mennesker med handicap har også brug for bedre tilgængelighed til at komme rundt."
776,Magnus Barsøe,A,1,Det skal være billigere at være dansker,"Vi skal gøre det billigere at være dansker og gøre op med den stigende ulighed. Vi skal have lavere moms, en bedre pension for de mest nedslidte og langt mere offensiv boligpolitik. Vi skal tackle de stigende boligpriser ved at bygge markant flere boliger, som almindelige mennesker har råd til. Vi skal samtidig slå ned på spekulanter og banker, der scorer kassen på at flå almindelige mennesker."
776,Magnus Barsøe,A,2,Ukraine og Danmarks sikkerhed,"Jeg besøgte Ukraine i vinter 2023. Deres kamp for overlevelse og demokrati efterlod et dybt indtryk. Vi skal sige fra overfor Cirkus Trump, investere i vores forsvar med vores europæiske allierede og hjælpe vores ukrainske venner i kampen mod tyranni.

Vi skal samtidig hurtigere væk fra Putins fossile energi og over til grøn energi."
776,Magnus Barsøe,A,3,Vi skal bekæmpe trafikstøj og grave vores motorveje ned,"Trafikstøj og partikler fra biltrafikken på de storkøbenhavnske motorveje og omfartsveje plager tusinder af storkøbenhavnske familier. Jeg vil kæmpe for, de mest trafikerede passager overdækkes eller graves ned. Præcis som man har gjort i Holland, Tyskland og Norge. Vi skal samtidig have en langt mere ambitiøs udbygning af metro og s-tog mod Hvidovre, Rødovre, Herlev, Hellerup og Lyngby."
780,Maria Durhuus,A,1,Tryghed ,"Tryghed er fundamentet for et godt hverdagsliv. Man skal kunne sende sine børn i skole, tage S-toget hjem om aftenen og færdes i sit boligområde uden utryghed. Tryghed handler om nærværende politi, forebyggelse og stærke fællesskaber. Når vi investerer i børn og unge, fritidsliv og lokale fællesskaber, forebygger vi kriminalitet og skaber en Vestegn, hvor det ikke er bander og vold der bestemmer."
780,Maria Durhuus,A,2,Det gode seniorliv ,"Det gode seniorliv handler om værdighed, frihed og tryghed. Efter et langt arbejdsliv skal der være indflydelse på egen tid, adgang til fællesskaber, sundhed og nærværende pleje. På Vestegnen skal der være gode fællesskaber, aktiviteter og boliger, der passer til forskellige behov. Ingen ældre skal føle sig ensomme eller utrygge. Et samfund måles på, hvordan vi behandler dem der har bygget det op."
780,Maria Durhuus,A,3,Stop nedslidning i velfærden,"Vores velfærd står og falder med de medarbejdere, der hver dag passer vores børn, plejer vores ældre og skaber tryghed i lokalsamfundet. Pædagoger, sosu’er, lærere og sygeplejersker skal have ordentlige arbejdsvilkår, tid til kerneopgaven og faglig respekt. På Vestegnen skal vi tiltrække og fastholde dygtige medarbejder, for stærk velfærd kræver stærke mennesker."
783,Mattias Tesfaye,A,1,Tidlig pension til nedslidte,"Når man starter tidligt på arbejdsmarkedet, bør man også kunne trække sig tidligere tilbage. Men mulighederne er ikke gode nok i dag. Vi kan ikke have de samme pensionsforhold, når vores arbejdsliv er så forskelligt. Nogle har hårdt fysisk arbejde. Dem vil jeg fortsat kæmpe for."
783,Mattias Tesfaye,A,2,Indvandring med respekt,"Folk spørger ofte hvor jeg kommer fra. Som mange andre på
Vestegnen, har jeg rødder i et andet land. Men det gør os ikke mindre danske.
De fleste indvandrere arbejder hårdt og opfører sig ordentligt. Politikere skal derfor respektere alle - også indvandrere.

Men udlændinge skal også behandle Danmark godt. Derfor støtter jeg, at udlændinge der begår alvorlig kriminalitet skal udvises af Danmark."
783,Mattias Tesfaye,A,3,En mere tryg skolestart,"Mine egne tre børn har gået i folkeskole på Vestegnen. Lærerne
er dygtige. Men jeg synes skolerne trænger til flere penge. Der er ikke
tid nok til at hjælpe eleverne, når de skal lære at læse og regne. Ligesom
vi ikke støtter børn i mistrivsel godt nok. Derfor foreslår vi at ansætte
4.000 flere lærere. Vi ønsker færre elever i de mindste klasser. Og mere
undervisning med to lærere i klassen."
788,Morten Bødskov,A,1,ET TRYGT FÆLLES SUNDHEDSVÆSEN,"Vores fælles sundhedsvæsen er sikret et milliardløft. Nye nærhospitaler. Flere læger. Mere skal gøres. Flere skal overleve en kræftsygdom, og kroniske sygdomme skal opdages tidligere. Behandlingen af psykisk syge og kræftpatienter skal styrkes."
788,Morten Bødskov,A,2,FLERE KRIMINELLE UDLÆNDINGE SKAL UDVISES,"Udlændingepolitikken skal være stram. Der er for mange problemer med integrationen. Langt flere kriminelle udlændinge skal udvises. Ligestilling mellem køn. Opdragelse uden vold. Vores værdier er ikke til diskussion. Vil man Danmark, skal man også vise det."
788,Morten Bødskov,A,3,STÆRKERE INDSATS MOD TRAFIKSTØJ,Trafikstøjen er enorm i Københavns Omegn. Det er ikke rimeligt. Enorme kødannelser og store støjproblemer generer hver dag tusindvis af borgere i Omegnen. Indsatsen mod trafikstøj skal styrkes. Der investeres mere i bl.a. støjværn og støjsvag asfalt i Københavns Omegn. Det er kun rimeligt.
939,Vibeke Westh,A,1,Et stærkt og nært sundhedsvæsen med uden ulighed i sundhed for alle,"Alle skal have adgang til behandling af høj kvalitet – uanset baggrund, køn eller postnummer. Psykiatrien skal styrkes, og uligheden i sundhed skal ned. Vi skal investere mere i forebyggelse, kvinders sundhed og et sundhedsvæsen, der hænger bedre sammen for patienterne. Et stærkt sundhedsvæsen tæt på borgerne skaber tryghed, bedre livskvalitet og et mere retfærdigt samfund."
939,Vibeke Westh,A,2,"Børn og unges trivsel, gode uddannelser og lige muligheder gennem hele livet","Børn og unges trivsel skal styrkes. Vi skal sikre gode rammer i folkeskolen og i uddannelserne, så flere unge får en god start på livet. Samtidig skal vores velfærdssamfund udvikles og skabe muligheder gennem hele livet. Når vi investerer i stærke fællesskaber, mindre ulighed og gode uddannelser, skaber vi bedre muligheder for den enkelte og et stærkere samfund for os alle."
939,Vibeke Westh,A,3,Stærk velfærd med mennesket i centrum og muligheder for alle,"Et stærkt velfærdssamfund er fundamentet for tryghed og muligheder i Danmark. Vi skal udvikle velfærden, så den understøtter mennesker gennem hele livet – fra barndom og uddannelse til arbejdsliv og alderdom. Når vi investerer i fællesskabet, mindsker ulighed og skaber stærke lokale fællesskaber, giver vi flere mennesker mulighed for at leve et godt liv og bidrage til samfundet."
215,Lars Green Bach,B,1,Sundhed skabes i hverdagen – forebyggelse før behandling,"Sundhed starter ikke på hospitalet, men i hverdagen. 

Alt for mange – især unge – kæmper med stress og mistrivsel. 
Vi skal prioritere mental sundhed og flytte ressourcer fra sen behandling til tidlig forebyggelse. 

Stærke fællesskaber i skole, arbejdsliv og foreningsliv er nøglen til højere trivsel, mindre ulighed og et mere bæredygtigt samfund."
215,Lars Green Bach,B,2,Uddannelse og Børneløfte – frihed begynder tidligt,"Frihed starter med muligheder i barndommen. Med et stærkt Børneløfte skal vi sikre tidlig indsats, høj kvalitet i dagtilbud og skole og bedre trivsel for alle børn. 

Samtidig skal vi investere i uddannelse fra folkeskole til forskning. 
Uddannelse skaber social mobilitet, innovation og et Danmark, hvor baggrund ikke afgør fremtid."
215,Lars Green Bach,B,3,Grøn omstilling med ansvar for natur og økonomi,"Danmark skal gå forrest i at reducere CO₂, beskytte natur og drikkevand og genoprette biodiversiteten. 

Omstillingen skal være ambitiøs, men økonomisk ansvarlig og socialt retfærdig. 

Vi skal bruge grøn innovation til at skabe vækst, arbejdspladser samt renere og billigere energi, uden at sende regningen videre til næste generation."
220,Stinus Lindgreen,B,1,Grøn omstilling af Danmark,"En fuld grøn omstilling af Danmark er en reel mulighed. Det er ikke kun det eneste rigtige at gøre for klimaet, det er også nødvendigt for at sikre vores økonomi, sikkerhed og uafhængighed. Klimapolitik er sikkerhedspolitik. Vi skal ikke længere være afhængige af gas og olie fra Putin og Trump. Jeg vil arbejde for en ambitiøs, realistisk og velfunderet klimapolitik."
220,Stinus Lindgreen,B,2,Et styrket sundhedsvæsen,"Selvom Danmark er et lille land, har vi stadig geografisk, social og økonomisk ulighed i sundhed. Din behandling i sundhedsvæsenet afgøres i høj grad af dine forældres baggrund, og personer med psykisk sygdom dør i gennemsnit mere end 10 år tidligere end andre. Det skal vi gøre bedre. Jeg vil arbejde for styrket forebyggelse og faktisk ligestilling af fysisk og psykisk sygdom."
220,Stinus Lindgreen,B,3,Et samfund bygget på viden,"Danmark skal fortsat være et videnssamfund. Forskning, innovation og gode ideer er løsningen på nutidens store udfordringer og sikrer velstand og udvikling. Desværre går det den helt forkerte vej med lukning og afkortning af uddannelser, færre studiepladser og et generelt lavere uddannelsesniveau. Jeg vil styrke forskning og investere mere i al uddannelse fra ABC til Ph.d."
218,Christina Rittig Falkberg,B,1,"Et fremtidssikret sundhedsvæsen, der er der for dig ","Hvad er et sundt liv værd?
For mig er svaret klart: Meget.
I dag er der for mange der mistrives, og for mange dør af kræft og livsstilssygdomme.
Mine forældre og søster har mistet livet til kræft. Jeg vil gøre mere for at forebygge, at vi overhovedet bliver syge, og at vi fanger alvorlig sygdom tidligere. 
At leve og være sund er det mest værdifulde, vi har. 
"
218,Christina Rittig Falkberg,B,2,Vores næste generationer er det vigtigste for mig,"Fra mine mange års politiske erfaring med børne- og ungeområdet ser jeg, at vi stresser og svigter alt for mange. 
Børn har brug for nærværende voksne, og jeg arbejder for, at vi tager større ansvar for børn og unges faglige, følelsesmæssige og sociale trivsel.
Jeg vil prioritere:
Investeringer i lærer- og pædagoguddannelse. 
Kvalitet i dagtilbud og folkeskole. 
Frihed fra tests og rigide mål "
218,Christina Rittig Falkberg,B,3,Grøn handling. Ikke grøn snak. ,"Jeg kæmper for fuld grøn omstilling på 5 år.  
I Omegnen er vi plagede af livsfarlig støj og forurening fra den øgede trafik. 
Jeg vil have ren luft i lungerne! 
Rent vand i hanerne! 
Og livet tilbage i søer, åer og have. 
Danmark skal have bedre og billigere kollektiv trafik, og det grønne valg skal altid være nemmere og billigere end det sorte og ødelæggende.
"
225,Isabel Havndrup Aackmann,B,1,En som tror på kvinders smerte,"Kvinder lever længere end mænd, men vi bruger mere af vores liv på at poppe smertestillende piller. Vores sundhedsproblemer skal tages seriøst. Det kræver læger, der lytter, og penge til forskning. For vores kroppe er ikke bare små mænd."
225,Isabel Havndrup Aackmann,B,2,Byer med plads til unge ,"Boligpriserne i mit barndomskvarter eksploderer. Mange unge har opgivet drømmen om villa-volvo-vovse, når kollegieværelset ryger. Løsningen er et opgør med generationstyveriets og dets kunstigt lave ejendomsskatter samt et udueligt skatteberegningssystem. "
225,Isabel Havndrup Aackmann,B,3,…og fordi grøn omstilling er et håndværk,"Jeg er først og fremmest i politik for klimaet. Jeg vil føre politik, så resultaterne kan ses og mærkes. Vindmøllerne skal op. Landbrugsudledningerne skal ned.
 
Jeg læser Bæredygtig Omstilling, arbejder med klimafinansiering til hverdag og er kort sagt en klimanørd. Send mig i Folketinget, så vi kan høste guleroden af de store visioner.
"
217,Ruben Kidde,B,1,"Klima, natur og grøn energi","Vi står ved en skillevej. Danmark kan blive sikkert med billig, grøn strøm fra sol og vind, eller fortsætte med at sende milliarder for olie og gas til autoritære regimer. Erhvervslivet skal over på grøn strøm. Drikkevandet skal være rent og havene levende. Jeg kæmper for grøn omstilling og vil flytte skat fra arbejde til forurening. Det kan stadig nås at redde 2030-målet! "
217,Ruben Kidde,B,2,"Børn, uddannelse, unge og bolig","Min mor bragte store ofre som enlig for at give mig gode vilkår. Den mulighed skal alle have. Men hvert femte barn mistrives, uddannelsesniveauet er faldet de sidste år, og unge kan ikke finde en bolig, de har råd til. Jeg kæmper for et løft af skoler og institutioner på 15 mia. kr., flere uddannelsespladser, stop for SU-nedskæringer og boliger som unge kan betale. "
217,Ruben Kidde,B,3,"Økonomi, erhvervsliv og arbejdskraft ","Jeg har arbejdet tæt på dansk erhvervsliv og ved, at en sund økonomi er forudsætningen for alt det andet – klima, velfærd, sikkerhed. I dag bruger vi milliarder på tidlig tilbagetrækning til folk der ikke er nedslidte. Jeg vil ændre det, så kun reelt nedslidte kan trække sig tidligt. Det frigør penge til børn og uddannelse. Jeg vil tiltrække dygtige folk fra hele verden, så vi har hænder nok."
224,Trine Dybkjær,B,1,Uddannelse & forskning,"Vi skal atter investere i videregående uddannelse og forskning, da viden er vores vigtigste ressource i en kompleks verden, der hurtigt udvikler sig! Det er også en konkurrencefordel og sikring mod trusler udefra, der ikke kun klares med våben. "
224,Trine Dybkjær,B,2,Erhverv & beskæftigelse,"Vi skal hjælpe nye virksomheder og organisationer i gang inden for udvikling af uafhængig teknologi, grøn omstilling og sundhed. Dette skaber arbejdspladser og økonomisk vækst samt behov for dygtige medarbejdere. Vi skal have alle arbejdsdygtige til at bidrage til vores samfund og velfærdssystem. Kan vi ikke  Klare efterspørgslen efter arbejdskraft selv må vi hente hjælpe fra udlandet. "
224,Trine Dybkjær,B,3,Sundhed & miljø,"Vi skal i højere grad forebygge sygdomme og informere om sund levevis for at komme nogle livsstilssygdomme til livs. Samtidig skal vi passe godt på miljøet, så vi trygt kan trække vejret, drikke vandet og spise vores afgrøder fra jorden."
219,Brian Køster,B,1,Klima & Miljø,"Det er billigere at forebygge klimaforandringerne end at betale regningen for skaderne ligesom det er bedre at beskytte drikkevandet fremfor at skulle rense det. Vi skal have et opgør med svineeksporten, stoppe udledningerne og få liv i danske fjorde igen"
219,Brian Køster,B,2,Sundhed & Forebyggelse,"Vi skal investere i vores børns institutioner og skoler så vi forebygger mistrivsel og dyr specialskole/psykiatri. Vi skal generelt øge forebyggelses andel af sundhedsbudgettet (pt 3 %), så vi kan imødegå plejen fra den stigende andel ældre med sundere leveår. Vi skal have tobaks og nikotinfri fremtid. "
219,Brian Køster,B,3,Retsstat & Demokrati,"Der skal være proportioner i i lovgivning. Vi skal værne om konventioner. Vi skal være lige for loven. Børn der er født her, har taget ungdomsuddannelse osv. bør få statsborgerskab, senest når de fylder 18. Der er kun 2 % der er medlem af politiske partier. Den udvikling skal vendes."
222,Esat Sentürk,B,1,"Børn, unge og familiepolitik","Jeg vil styrke vores daginstitutioner, skoler og fritidstilbud med bedre normeringer, stærkere faglighed og mere frihed til lokale løsninger. Vores børn er ikke et eksperiment! de er vores fremtid."
222,Esat Sentürk,B,2,Reel integration – ikke symbolpolitik,"Jeg vil have en integrationspolitik, der virker i praksis. Fokus på arbejde, uddannelse, sprog og deltagelse i fællesskabet og et opgør med den unødvendige symbolpolitik, der splitter mere, end den samler."
222,Esat Sentürk,B,3,Styrkelse af idræts- og kulturforeninger,"
Foreningslivet skaber fællesskab, forebygger mistrivsel og binder lokalsamfund sammen. Jeg vil investere mere i idræts- og kulturforeninger som en aktiv del af vores velfærd."
216,Kashif Ahmad,B,1,Børn og Unge - med fokus på skoler og trivsel,"Den manglende trivsel blandt vores børn og unge er et af tidens største paradokser. Vi har aldrig været rigere, men vores børn har aldrig haft det dårligere. Den store vækst af børn og unge i psykisk mistrivsel og med psykiatriske diagnoser er bl.a. en konsekvens af de rammer, de tilbydes i skoler og daginstitutioner. Vores folkeskole er en af de vigtigste velfærdsområder. "
216,Kashif Ahmad,B,3,Fred og retfærdighed i verden,"I en verden præget af krig og konflikter må vi insistere på fred og retfærdighed som politiske pejlemærker, ikke som tomme ord, men som konkret handling. Fred skabes gennem diplomati, respekt for folkeretten og beskyttelse af civile. Retfærdighed kræver, at vi står fast på menneskerettigheder og ansvarlighed. Uden retfærdighed ingen varig fred."
221,Jens Frost,B,1,Fuld grøn omstilling på 5 år,"Den grønne energi fra vind og sol, som Danmark selv producerer er den billigste og med alle de grønne teknologier, Danmark kan byde på, skaber vi  udvikling og vækst i Danmark, ja hele verden. Stem på nogen, der tør investere i fremtiden. Om fem år behøver vi ikke at diskutere det mere. Så skal vi bare glæde os over, at vi har overskud til at udvikle samfundet uafhængigt af russisk gas."
221,Jens Frost,B,2,Stærke børn og unge,"Børnene er Danmarks fremtid og det, vi byder dem i dag, er ikke godt nok. For mange trives ikke i folkeskolen og 45.000 unge står uden job eller uddannelse. Vi vil give daginstitutioner, folkeskoler og fritidsordninger et radikalt løft med 15 mia. om året. Vi vil forbedre alle ungdomsuddannelser, give vores unge frihed til at vælge det, de ønsker og droppe besparelserne på uddannelse og SU."
221,Jens Frost,B,3,Et stærkt EU giver os frihed,"FN står for det enkelte menneskes frihed og rettigheder, verdensmålene og landes værn imod magt og suverænitetskrænkelse. Det er principper, vi skal holde fast i via et styrket nordisk samarbejde og et styrket i EU. Med EU’s økonomiske muskler skal vi opbygge nye alliancer og større uafhængighed af stormagter, investere i Afrika og anerkende Palæstina og andre folks ret til at leve i fred."
223,Zohair Ali,B,1,Økonomi ,"En stærk økonomi med plads til mennesker
Danmark skal have en økonomi, der hænger sammen  for alle.
Ansvarlig økonomisk styring
• Højere bundfradrag 
• Investering i uddannelse og vækst
• Grøn omstilling, der skaber nye jobs
Økonomisk ansvarlighed skaber frihed og tryghed.
Jeg kæmper for en økonomi så flere danskere får råd til hverdagen."
223,Zohair Ali,B,2,kriminalitet ,"Flere unge ud af kriminalitet
Kriminalitet handler om vilkår.
Over 30 % af de dømte i 2024 har kun folkeskolen som uddannelse.
Uddannelse og social arv hænger tæt sammen.
Ingen børn bliver født kriminelle.
Men nogle vokser op med færre muligheder.
Hvis vi vil ændre statistikkerne, skal vi ændre vilkårene.
• Stærkere folkeskoler
• Tidlig indsats
• Uddannelse til flere
• Positive fællesskaber
"
223,Zohair Ali,B,3,hårdere straffe for overgreb på børn,"Beskyt vores børn. Nu.
1.841 anmeldelser om seksuelle overgreb mod børn i 2024.
Og mørketallene er større.
Det er ikke bare tal.
Det er børn.
Alt for ofte får gerningsmænd milde straffe selv ved gentagne overgreb.
Det er ikke retfærdighed. Det er svigt.
Nok er nok.
• Hårdere straffe for overgreb mod børn
• Markant længere fængsel ved gentagelser
"
928,Julie Ahlefeldt-Laurvig,C,1,Mere forskning i kvinders sundhed,"Kvinders sundhed har i mange år fået for lidt opmærksomhed i både forskning og behandling. Historisk er meget medicin og mange behandlingsmetoder blevet udviklet og testet primært på mænd, selvom mænd og kvinder ofte reagerer forskelligt på sygdom og medicin. Det kan betyde, at sygdomme hos kvinder opdages senere eller behandles mindre effektivt. "
928,Julie Ahlefeldt-Laurvig,C,2,Mere tryghed i vores lokalsamfund,"Tryghed i hverdagen er en helt grundlæggende forudsætning for et godt samfund. Man skal kunne gå hjem om aftenen, tage offentlig transport og lade sine børn færdes i lokalområdet uden at føle utryghed. Derfor skal vi tage kriminalitet alvorligt og sikre, at der er klare konsekvenser, når loven brydes. "
928,Julie Ahlefeldt-Laurvig,C,3,Bedre vilkår for familien,"Familien er fundamentet under vores samfund. Forældre skal have frihed og fleksibilitet til at indrette hverdagen, så den passer til deres børn. Det kræver økonomisk ansvarlighed, valgfrihed i pasning og et skattesystem, der ikke straffer børnefamilier. Vi skal føre en politik, der gør det lettere at stifte familie – og trygt at få børn i Danmark."
29,Isabella Arendt,C,1,Ret til barns sygedage,"Syge børn skal mødes med omsorg. I dag sendes syge børn i daginstitutioner, forældre lyver sig syge for at blive hjemme eller tager på arbejde med stress og dårlig samvittighed, når barnet ikke har den omsorg, de har brug for.

Børn får ret til omsorg når de er syge
Forældre får mindre stress og færre sygedage
Institutionerne får mindre smitte
Samfundet får færre sygedage"
29,Isabella Arendt,C,2,Frihed til skolerne og tillid til lærerne,"Skolens hverdag skal afgøres på den enkelte skole, i den enkelte klasse. Det kan fx være på flere pædagoger, bedre indeklima, to-voksen-ordning eller specialundervisning.

Vi skal ikke lade Christiansborg eksperimentere med endnu en topstyret reform af folkeskolen. Det gik galt i 2013. Lilleskolen er bare endnu mere ensretning og mistillid."
29,Isabella Arendt,C,3,Fri fordeling af barsel og frit valg af pasning,"
Barselsugerne skal følge barnet. Så kan forældre, bedsteforældre og andre nære omsorgspersoner dele ugerne imellem sig, som det passer netop deres familie.

Fri fordeling af barsel og frit valg af pasning sikrer, at familier kan vælge den hverdag, der passer dem og deres barn bedst. Det skal altid være barnets og familiens behov, som afgør hverdagens pasning. Aldrig økonomi eller statslig styring"
48,Magnus Von Dreiager,C,1,Invester i vores sundhedsvæsen,"Ventelisterne er for lange – også i psykiatrien. Vi skal bruge både offentlige og private tilbud, uddanne flere speciallæger og sikre alle en fast familielæge. Tvangsflytning af personale er ikke løsning, når det handler om at sikre bred lægedækning. Loftet over fertilitetsbehandling skal væk, hospicepladserne øges – og Sundhedsplatformen afskaffes til fordel for ét fælles IT-system."
48,Magnus Von Dreiager,C,2,Lad folk beholde flere af deres egne penge,"Staten havde i 2024 et overskud på 130 mia. kr., mens familier presses af høje priser. I stedet for skæve checks skal vi sænke skatten fra bunden, så alle beholder mere af deres løn. Skattesystemet skal forenkles – ikke gøres mere kompliceret. Og boligskatterne skal holdes i ro. Ingen skal frygte nye skattesmæk på hverken bolig, formue eller noget tredje."
48,Magnus Von Dreiager,C,3,Mere frihed og penge til folkeskolen,"Folkeskolen er presset. Reformen fra 2014 har svigtet, både fagligt og i trivsel. Løsningen er ikke 14 elever pr. klasse og dyre byggeprojekter. I stedet skal vi hæve den samlede økonomiske ramme og give kommunerne frihed til at prioritere: flere to-voksen-ordninger, mere efteruddannelse, renovering af skoler osv.. Pengene skal arbejde lokalt – ikke styres af prestigeprojekter fra Christiansborg."
72,Tina Cartey Hansen,C,1,En tryg hverdag,"Lægen skal have tid til mig og min familie. Der skal være nok voksne i dagtilbud og skoler. Vores børn skal kunne færdes trygt online, og vi skal beskyttes mod svindlere. Vores ældre skal have en værdig pleje. Politiet skal have tid til at efterforske indbrud og domstolene skal behandle sagerne hurtigere. Vi skal have et stærkt beredskab, hjemmeværn og forsvar. Det er tryghed i hverdagen! "
72,Tina Cartey Hansen,C,2,Et godt familieliv,"Familierne skal have flere valgmuligheder til at indrette deres hverdag som det passer dem. Med tilskud til hjemmepasning og ret til at arbejde lidt ved siden af. Fokus på fællesskaber og trivsel med mindre brug af skærm. Der skal hjælp til hele familien ved skolefravær og sygdom. Jeg ønsker et mere fleksibelt arbejdsmarked, og at pension bliver en proces, ikke et tal. "
72,Tina Cartey Hansen,C,3,Klima med sund fornuft ,"Vi skal bekæmpe støj, så vi ikke bliver syge af det. Vi skal beskytte vores natur, drikkevand og sikre vores hjem mod oversvømmelse. Solceller hører til på tage. Kernekraft skal være tilladt. Den grønne omstilling og fremtidssikring af Danmark skal ske med faglighed og danskernes opbakning. Men vi skal ikke tvinges til vegetardage, og vi skal ikke udskammes fordi vi flyver på ferie. "
35,Jette Louise Skovgaard Larsen,C,1,Tryghed fra vugge til grav,"Alle skal have adgang til behandling i tide, værdig pleje og hjælp, når de har brug for det. Vi skal styrke det nære sundhedsvæsen, kvalitet på socialområdet og bruge ressourcerne klogt.
Samtidig skal vores skoler og dagtilbud være trygge rammer faglighed og tid til det enkelte barn. Tidlig indsats og forebyggelse skaber tryghed for både børn, familie og ældre."
35,Jette Louise Skovgaard Larsen,C,2,Tryghed på tværs af grænser,"Danmark skal være et trygt land med styr på grænser, retssikkerhed og sammenhængskraft. Vi står fast på demokratiet, og samtidig tage ansvar i verden gennem stærke alliancer, så Danmark er beskyttet i en urolig tid."
35,Jette Louise Skovgaard Larsen,C,3,Tryghed i forsyning og økonomi,"Vi skal kunne stole på strøm, varme, vand og medicin i krisetider. Derfor skal vi styrke dansk og europæisk forsyningssikkerhed og mindske afhængigheden af ustabile regimer. En sund økonomi og stabile rammer for familier og virksomheder er grundlaget for varig tryghed."
69,Sigurd Lønholdt,C,1,Generationskontrakten – ansvar mellem generationer,"Vi har brug for en stærk og retfærdig generationskontrakt, hvor vi tager ansvar i dag og ikke sender regningen videre til vores børn. Når vi lever længere, er det rimeligt, at vi også bidrager lidt længere, så balancen mellem arbejde og pension bevares. Velfærden skal være økonomisk holdbar, så Danmark forbliver trygt og stærkt, også for næste generation."
69,Sigurd Lønholdt,C,2,Mindre trafikstøj – mere livskvalitet,"Alt for mange familier bor tæt på motorveje og omfartsveje med massiv støj til følge. Det går ud over søvn, sundhed og trivsel. Vi skal investere i støjskærme, støjreducerende asfalt og bedre planlægning, så infrastruktur ikke sker på bekostning af livskvalitet. Vækst og mobilitet må ikke betyde, at almindelige familier betaler prisen med deres helbred."
69,Sigurd Lønholdt,C,3,Sund økonomi og stærk vækst,"Danmark skal føre en ansvarlig økonomisk politik, hvor der er styr på de offentlige finanser, og hvor det kan betale sig at arbejde og investere. Vi skal skabe bedre rammer for virksomheder, sikre adgang til arbejdskraft og føre en reformpolitik, der styrker vækst og konkurrenceevne. En stærk økonomi er forudsætningen for både tryg velfærd og frihed i hverdagen."
14,Christian Vigilius,C,1,Tryghed for boligejere - et mere retfærdigt ejendomsvurderingssystem,"Tryghed for boligejere er en af mine vigtigste mærkesager. Det nuværende ejendomsvurderingssystem er fejlbehæftet, uigennemsigtigt og skaber unødig usikkerhed for helt almindelige familier. Jeg vil kæmpe for boligskattestop, mere gennemsigtighed, bedre klageadgang ved store fejl og stop for strafrenter, når det er systemet – og ikke boligejeren – der har begået fejlen. Det skal der ryddes op i nu."
14,Christian Vigilius,C,2,Værdighed for vores ældre,"Værdighed for vores ældre er en grundlæggende konservativ sag. Vi skylder de generationer, der har bygget Danmark, ordentlige rammer i praksis. Jeg vil kæmpe for bedre rammer for at trappe ned fra arbejdsmarkedet med værdighed, et aktivt seniorliv og en ældrepleje med mere omsorg og mindre bureaukrati. Når demens rammer, skal både den enkelte og de pårørende mødes med bedre støtte og mere tryghed."
14,Christian Vigilius,C,3,Styrket indsats mod indbrud og en konsekvent udlændingepolitik,"Tryghed i hverdagen kræver en styrket indsats mod indbrud og en konsekvent udlændingepolitik. Jeg vil kæmpe for mere målrettet politiindsats, bedre forebyggelse og stærkere lokale tryghedsløsninger mod indbrud. Samtidig skal vi føre en udlændingepolitik med klare krav og klare konsekvenser: fair over for dem, der bidrager, men konsekvent over for kriminalitet og misbrug af vores tillid."
18,Dorte Vilhelmsen,C,1,En folkeskole man ikke bliver syg af at gå i,"Jeg er mor til en dreng, hvis møde med folkeskolen gjorde ham så syg, at han endte i psykiatrien. Først i 8. klasse kom den rette hjælp. Det er alt for sent.
Ingen børn skal knækkes af det system, der burde danne og løfte dem. Skolen skal være præget af faglighed, tydelig ledelse og ansvar – og hjælpen skal sættes ind langt tidligere.

"
18,Dorte Vilhelmsen,C,2,En værdig alderdom – mennesket før systemet,"Et samfund måles på, hvordan vi behandler dem, der byggede det. Ældre må ikke reduceres til journalnumre og skærmløsninger. Omsorg skal bygge på faglighed, ansvar og respekt. Som pårørende skal man kunne overlade sine kære til pleje med tryghed og tillid. En værdig alderdom er ikke et mål – det er en pligt"
18,Dorte Vilhelmsen,C,3,Børn er også pårørende -De skal gribes,"
Når sygdom rammer en familie, rammer det også børnene. Alt for ofte står de alene med bekymringer og ansvar, de ikke burde bære. Børn er også pårørende – og de skal ses, høres og hjælpes i tide. Ingen børn skal mistrives i stilhed, fordi de voksne omkring dem kæmper. De skal gribes, før det sætter spor for livet.
"
551,Sigurd Agersnap,F,1,Børnenes skole,"Alt for mange børn trives ikke i folkeskolen. Det skal vi lave om på med flere pædagoger og flere timer med to lærere. Skolen SKAL være et trygt og lærerigt sted for alle. Klasseloftet skal ned, så der er mindre uro og færre overfyldte klasselokaler. Alle børn skal opleve at komme på lejrskole. Derfor skal investeringer i folkeskolen prioriteres over skattelettelser."
551,Sigurd Agersnap,F,2,Tid til det vigtige,"Der skal være tid til andet end at arbejde. Regeringen har fjernet helligdage, presset unge hurtigere gennem studierne og hævet pensionsalderen for alle, men vi skal gøre det helt modsatte. Der skal være tid til studiet, til barslen, til at være der for dine nærmeste. Tid til hele livet. Vi skal forlænge barslen og give bedre støtte til de familier, hvor et barn får skolevægring og mistrives."
551,Sigurd Agersnap,F,3,Stop spilreklamer,"Unge spiller mere end nogensinde, og du kan ikke se en fodboldkamp uden at blive bombarderet med reklamer. Det skal vi have stoppet. Det lokker for mange ud i usundt spil og ludomani. Ludomani har store konsekvenser for alt for mange, og vi har i mange år slet ikke taget det seriøst nok."
552,Alexander Bruhn Skjøth,F,1,Boligpolitik,"
Befolkningen i dag er anderledes end den var for 50 år siden. Vi har mange utidssvarende boliger og mange der vil bo tæt på storbyerne. Der er behov for boliger til unge, ældre, handicappede og familier i alle afskygninger. Boliger skal bygges venligt og tilgængeligt, så de sikrer muligheder for alle, uanset livsvilkår - så alle børn kan have kammerater med hjem, uden mangel på plads.
"
552,Alexander Bruhn Skjøth,F,2,Regnbuefamilier og personer,"Danmark har historisk været et åbent land i forhold til LGBTQIA+.
Det til trods, er det et problem, særligt for vores børn og unge, men også for
voksne, at kunne være den man er, at være tiltrukket, eller ikke, af dem man er.
Det handler både om folkelig forståelse og lovgivning, hvor gamle anskuelser
står i vejen for forskellige familieformer, og måder at være
menneske på og udtrykke det
"
552,Alexander Bruhn Skjøth,F,3,Særlige behov og handicap,"Handicap er ikke kun det vi kan se, f.eks. brug af kørestol. Det er også begrænsninger
som ikke er åbenlyse, enten medfødte eller tilstødte, enten fysiske, psykiske eller
neurologiske.
Ikke kun voksne kan have handicap, men også børn – og alle bør have ret til et så almindeligt liv som muligt.
Handicappede er først og fremmest mennesker, og skal behandles menneskeligt, og som
individer."
553,Helene Brochmann,F,1,"Langsigtet, bæredygtig planlægning og bedre kollektiv trafik","Vi mangler en myndighed, der kan varetage samlet, langsigtet planlægning af hele hovedstadsregionen. Hvis vi skal udvikle bygge bæredygtigt og gøre den kollektive trafik attraktiv, kræver det planlægning på tværs af kommunegrænserne. Det har vi ikke reelle redskaber til i dag. "
553,Helene Brochmann,F,2,"Tillid til fagligheden, frihed til forskningen og støtte til de studerende","Universiteterne er styret alt for stramt og forskerne bruger alt for meget tid på at søge finansiering til deres arbejde. De banebrydende ideer kommer i grundforskning, som ikke er underlagt politiske dagsordener eller krav om umiddelbar anvendelighed. De studerende skal have det ekstra SU-år tilbage, så de ikke bliver så bange for at vælge forkert studium, at de udsætter deres studievalg i årevis"
553,Helene Brochmann,F,3,Bevar eller forklar,"Vi skal have lavet lovgivning, så det bliver nemmere for kommunerne at nægte husejere tilladelse til at rive fuldt brugbare huse ned. Vi skal passe på kulturarven, de arkitektoniske værdier og de gode materialer i de gamle huse. "
555,Sofie Falck Villadsen,F,1,Tid til det gode børne- og familieliv,"Et godt børneliv er et liv, hvor der er tid til ro og nærvær, også når ens børn er syge. 
Jeg kæmper for: 
- Bedre forhold for kvinder før, under og efter graviditet
- Opgør med børnefattigdom 
- Trivsel for børn og unge
- Mindre støj fra trafik og store motorveje i boligområder
- Boliger flere har råd til
- Natur og grønne områder
"
555,Sofie Falck Villadsen,F,2,Tid til ansatte i velfærden,"De ansatte i velfærden skal have tid til at løfte deres samfundsafgørende opgaver.

Jeg kæmper for: 
- Rekruttering og fastholdelse i velfærden 
- Bedre løn- og arbejdsvilkår 
- Investering i uddannelse og praktik
- Tid, ro og nærvær 
"
555,Sofie Falck Villadsen,F,3,Tid til skole og uddannelse,"Det er tid til at prioritere skole og uddannelse, og der skal være tid til at være ung.

Jeg kæmper for: 
-  Investering i folkeskolen 
- Opgør med mistrivsel og skolevægring 
- Investering i alle typer ungdoms- og videregående uddannelser 
- Genindførsel af det 6. SU-år
"
556,Niels Ulrik Haxthausen,F,1,EN TRYG ALDERDOM - VELFÆRD FØR SKATTELETTELSER,"Vores samfund skal være mere ældrevenligt – alt fra busser over fortove til  hjælpemidler og pleje. Og når vi for brug for mere pleje og omsorg skal den være der.  Men alt for ofte er tiden er der ikke til det. SF vil sikre mere tid til pleje, nærhed og omsorg.
Men så længe vi har en regering der prioriterer skattelettelser over velfærd, rækker økonomien ikke langt. "
556,Niels Ulrik Haxthausen,F,2,KLIMAKRISEN KRÆVER HANDLING,"Regeringen har taget førertrøjen af – 70% målet for 2030 er på vippen, og ambitionerne er lagt på hylden. Afbrændingen af naturgas og biomasse fortsætter, og der snakkes om ny olieefterforskning. 

Vi er rigtigt mange, der gerne vil gøre mere. Udbygningen af vedvarende energi og lagring skal have fuld fart på og naturgassen skal ud – både for klimaet og forsyningssikkerheden.
"
556,Niels Ulrik Haxthausen,F,3,"RENT VAND I ÅER, SØER OG I VANDGLASSET","SF arbejder intenst for at skaffe renere fjorde gennem den nationale og de regionale treparter og i kommunerne. Lokalt har SF sat fokus på søerne og Mølleåen. grøn algevækst skæmmer, Iltsvind går ud over fiske- og derigennem fuglelivet. Der er for lidt vand og for meget PFAS i åen. 
I folketinget vil jeg arbejder for at treparten bliver realiseret og indsatsen for naturen forstærkes ."
557,Troels Stru Schmidt,F,1,Pas på vores drikkevand,"Danmark har dejligt drikkevand. Men stadigt flere drikkevands-boringer har giftige pesticidrester, og der er store problemer med PFAS. Vi skal handle nu, så næste generation også kan drikke vand fra hanen.
• Ryd op i PFAS-forurening, som truer både natur og sundhed.
• Forbyd sprøjtegift dér hvor vi indvinder drikkevand.
• Skab bedre kontrol med miljø-farligt affald."
557,Troels Stru Schmidt,F,2,Natur og cykling før asfalt og biler,"• Sikre cykelstier og cykelvenlige ankomstzoner omkring skolerne
• Bedre plads til naturen. Selv en lille plet med blomster kan gøre en stor forskel for insekter.
• Beskyt vores store gamle træer. De giver også vigtig klimasikring, f.eks. kan et bøgetræ optage 200 liter vand om dagen"
557,Troels Stru Schmidt,F,3,Skoler i verdensklasse: Mindre skærm og inklusionskrav - mere omsorg og nærvær,"Vi har stærke lærerkræfter og omsorgsfulde pædagoger. Og vi skal videre endnu.
• Mindre skærm: Computere skal lære børn om kritisk informations-søgning, ikke være førstevalget til underholdning.
• Mindre karakterkrav, mere ro på. Vores børn skal ikke konstant sættes på formler og gennemsnit.
• Mindre inklusionskrav. Det gavner både neurotypiske og -divergente at have undervisning hver for sig."
558,Vivi Nør Jacobsen,F,1,Børne - og deres skole og børnehave,"Barndommen kan ikke tages om. Derfor skal vi investere i fundamentet for børn liv og fremtid. Skolen skal have flere penge, mindre klasser og børnene den støtte, der er brug for. Så kan lærerne også lykkes med opgaven. I børnehave og vuggestue skal der være nok voksne og gode rammer - det skaber tryghed. "
558,Vivi Nør Jacobsen,F,2,Sundhed og ældre - et værdigt liv hele livet,"Ældre skal trygt kunne regne med at det er en hjemmehjælper de kender, der træder ind ad døren. Ikke en ny hver gang. Mere tid til omsorg, kommer af ordentlige vilkår for den ansatte. 
Vores sundhed både fysisk og psykisk skal der værnes om. Ned med venteliste og op med forebyggelsen. "
558,Vivi Nør Jacobsen,F,3,"Naturen - miljø, klima og rent drikkevand","Grønne åndehuller i hverdagen. Vi skal værne om vores natur og passe på vores skov, vores hav og vores drikke vand. Stop for forurening af både havvand og drikkevand fra svineproduktion, industri og landbrug. Vi skal ikke have mere motorvej på bekostning af vores natur og sundhed. Solceller som støjværn, ja tak. Klimaet skal beskyttes og energien være bæredygtig. "
826,Taner Genc,F,1,En stærk socialpolitisk stemme,"Alt for mange mennesker falder mellem systemerne. Psykiatrien er under pres, udsatte voksne får ikke den hjælp, de har brug for, og mennesker med handicap oplever manglende retssikkerhed. Samtidig vokser fattigdommen. Jeg vil kæmpe for et socialt system, der møder mennesker med værdighed, tillid og faglighed, hvor hjælpen tager udgangspunkt i borgernes behov, og retssikkerheden styrkes."
826,Taner Genc,F,2,En grøn og bæredygtig fremtid,"Klimakrisen kræver handling nu. Den grønne omstilling halter, og konsekvenserne mærkes allerede. Danmark skal gå forrest og reducere CO₂-udledninger markant, samtidig med at vi skaber tryghed, arbejdspladser og bedre livskvalitet. Jeg vil arbejde for mere vedvarende energi, hurtigere udrulning af fjernvarme, bedre og billigere kollektiv trafik samt stærkere beskyttelse af natur og grundvand."
826,Taner Genc,F,3,Børn og unge i trivsel,"Jeg vil kæmpe for at børn og unge får de bedste rammer for trivsel og læring og fællesskab. Det kræver bedre normeringer i dagtilbud, mere tid til nærvær, leg og læring samt et stærkere fokus på trivsel i folkeskolen. I skolen skal vi øge trivslen og nedbringe præstationspresset på vores børn. Vi skal sænke antallet af elever i klasserne og have flere timer med to voksne"
847,Allan Orland,H,1,En stærk og fri erhvervs- og vækstpolitik,"Jeg ønsker et Danmark, hvor virksomheder ikke kvæles af bureaukrati og tunge afgifter, men oplever frie rammer til at skabe vækst, arbejdspladser og innovation. Som iværksætter ved jeg, hvad der virker – og hvad der spænder ben for vækst og ny teknologi."
847,Allan Orland,H,2,Arbejdslyst frem for bureaukrati,"Skatter og regler skal være enkle, gennemsigtige og fremmende for arbejde og initiativ. Staten skal skabe muligheder – ikke barrierer. Jeg vil arbejde for lavere skat på arbejde, færre særordninger og et skattesystem, der støtter vækst."
847,Allan Orland,H,3,Udlændinge- og integrationspolitik med realisme og konsekvens,"Jeg mener, at et velfungerende samfund kræver sammenhængskraft og fælles spilleregler. Når mennesker ikke vil eller kan tilpasse sig danske værdier og lovgivning, må vi turde sige det højt – og handle på det. Jeg arbejder for et opgør med parallelsamfund og klankultur samt for, at Danmark forbliver et trygt land med høj tillid."
848,Frederik Lundberg,H,1,Magten tilbage til borgerne ,Magten skal bringes tættere på befolkningen. Ingen EU-institutioner eller andre overstatslige organer skal have beslutningskompetence over Danmark. Suveræniteten skal ligge hos det danske folk og de folkevalgte i Danmark.
848,Frederik Lundberg,H,2,Sandhed og fornuft over politisk korrekthed ,"Vi skal genskabe et politisk miljø, hvor sund fornuft vejer tungere end politisk korrekthed. En folketingspolitikers primære og eneste opgave bør være at føre politik, der tjener de danske borgere og styrker samfundet som helhed"
848,Frederik Lundberg,H,3,Sundhed,"Det er den forkerte vej at gå at lægge moms på fitnessmedlemskaber, samtidig med at man sænker afgifterne på chokolade, i en befolkning der bliver stadig mere syg og overvægtig. Det bør være så let og økonomisk overkommeligt som muligt at leve et sundt og aktivt liv. Politiske beslutninger skal understøtte folkesundheden – ikke modarbejde den."
255,Mathias Fuglsang,H,1,Kernevelfærd først,"Borgernes penge skal bruges dér, hvor de gør størst gavn – på kernevelfærd som sundhed, ældrepleje og hjælp til mennesker med særlige behov.
Udenrigsbistand og lignende udgifter bør være frivillige for den enkelte borger, så danskerne får større kontrol over deres egne penge, og så midlerne prioriteres til dem, der har brug for hjælpen herhjemme."
255,Mathias Fuglsang,H,2,Færre afgifter og billigere dagligvarer,"Hverdagen er blevet unødigt dyr for helt almindelige danskere. Afgifter og skatter lægger et massivt pres på personer og familiernes økonomi – særligt når det gælder helt basale fornødenheder som mad.
Mængden af afgifter skal reduceres, og momsen på fødevares skal fjernes, så danskerne får mere luft i økonomien og større frihed i hverdagen."
255,Mathias Fuglsang,H,3,Transparens og ansvarlighed i politik,"Borgerne har krav på åbenhed, ærlighed og opfølgning, når politiske beslutninger træffes. Midlertidige ordninger må ikke udvikle sig til permanente skatter uden debat og ansvar. Politikere skal i højere grad kunne stilles til ansvar for deres handlinger. Jeg får ind for en uafhængig forfatningsdomstol, der har ret og pligt til at undersøge politikeres arbejde.
"
938,Mersiha Cokovic,H,1,Loyalitet er en forudsætning – ikke et tilvalg,"Danmark er ikke et opholdssted, man kan udnytte uden at stå last og brast med landet. Integration er ikke et projekt – det er en pligt. Vil man være her, kræver det dokumenteret selvforsørgelse, aktiv deltagelse, sproglig integration og ubetinget respekt for lov, demokrati og danske værdier. Åben modstand mod samfundets grundprincipper skal have konsekvenser for ophold og ydelser. Rettigheder følg"
938,Mersiha Cokovic,H,2,Ubetinget ansvar for vores veteraner,"Når Danmark sender soldater i krig, er ansvaret ikke til debat. De risikerer livet i vores navn – derfor skal staten levere uden forbehold, når de vender hjem. Hurtig og specialiseret behandling af fysiske og psykiske skader. Anerkendelse uden bureaukratisk mistillid. Smidig sagsbehandling, stærk støtte til familierne og målrettet hjælp til overgangen til civilt liv. "
938,Mersiha Cokovic,H,3,Staten skal sætte rammer – ikke drive forretning,"Staten skal sikre retssikkerhed, forsvar, infrastruktur og et socialt sikkerhedsnet – ikke konkurrere med private virksomheder. Når staten både fastsætter reglerne og selv agerer markedsaktør, forvrides konkurrencen. Den kan dække underskud med skattekroner og bruge reguleringsmagt, som ingen privat aktør har. Det svækker investeringer, innovation og tillid. "
264,Morten Dehn,H,1,Remigration,"Vi skal påbegynde hjemsendelse af kriminelle indvandrere og herboende flygtninge hvis hjemland er erklæret sikkert. Dette drejer sig i vid udstrækning om mennesker fra MENAPT - landene, som hvert år koster det danske samfund 24 mia.
Det kan i dag ikke lade sig gøre på grund af Statsborrgerretskonvention og den europæiske menneskerettighedskonvention.  Vi er derfor nødsaget til et opgør med begge"
264,Morten Dehn,H,2,Kernekraft i Danmark,Vind og Solenergi har igen og igen vist sig som utilstrækkelige og dyre energiformer. Kernekraft er en stabil og vedvarende energikilde i modsætning til de andre to. Moderne “Full System Cost LCOE” beregninger viser også at det er billigere. Vi skal derfor fjerne alle tilskud til vind og sol projekter og lade alle energiformer konkurrere på lige vilkår.
264,Morten Dehn,H,3,Dyrevelfærd og nej til “Rewilding”,"Hundeloven skal revurderes. Den skaber mange problemer og utryghed for hundeejere. Samtidigt har den vendt bevisbyrden på hovedet så det er borgerne der skal bevise deres hunds uskyld. Det hører ingen steder hjemme. Rewilding skal standes eller gentænkes. Det giver ikke mening at hegne natur ind og genskabe den ud fra en specifik idé om, “at sådan så den engang ud”"
124,Freja Brandhøj,I,1,"Frihed, familie og frit valg","Friheden begynder i hjemmet, hvor ansvar formes. Staten skal ikke diktere vores liv, men blande sig mindst muligt og holde sig ude, hvor den ikke hører hjemme. Det betyder at pengene følger borgeren, barnet og patienten. Vi skal have frit valg af skole, pleje, ekstra ydelser i seniorlivet og læge, uanset om det er offentligt eller privat. "
124,Freja Brandhøj,I,2,"Tillid, bøvl og økonomisk oprustning","Vi skal have et land, hvor drømme bliver til virkelighed, og hvor mennesker og virksomheder mødes med tillid – ikke bøvl. Med tillid kan vi skabe mere, styrke mennesker og hylde dem der handler. Vi skal have virksomheder til at starte, vokse og blive i Danmark, så vi bliver rigere, ikke kun på pengepungen, men på ideer og liv i byerne. Og vi skal sætte vores pædagoger og velfærdshelte fri. "
124,Freja Brandhøj,I,3,Forsvar og (cyber)sikkerhed,"Der er ingen frihed uden sikkerhed. Et frit samfund skal kunne forsvare sig mod militære trusler, cyberangreb og politisk naivitet. Kun med styrke sikrer vi et trygt Danmark i en urolig verden. Vi skal have kampkraft nu, vi skal styrke løn og arbejdsvilkår for vores soldater og så skal vi have handling bag de flotte ord. "
125,Jonas Juhl,I,1,Lavere skat,"Jeg mener, at de første 7.000 kr., man tjener, bør være skattefrie, og at ingen skal betale over 40 % i skat.

Jeg mener, at du skal have råd til at forsørge dig selv, før du finansiere staten.

Jeg mener, at vi bør have en flad skat på 40 %, fordi tallet på din lønseddel ikke afgør din værdi som menneske, derfor skal lovgivningen være ens for alle."
125,Jonas Juhl,I,2,Afskaf registreringsafgiften ,"Registreringsafgiften på biler er i dag op imod 150%. Det vil sige, at hvis man fjerner den, så en bil der i dag koster 400.000 kr., ville koste under 200.000 kr.

For de fleste familier er bilen ikke en luksus, men en nødvendighed der får hverdagen til at hænge sammen. Den gør det muligt at komme på arbejde, hente og bringe børn og få familielivet til at fungere. Det er vigtigt for mig."
125,Jonas Juhl,I,3,Frit valg i velfærden,"Velfærd skal være noget, du vælger, ikke noget, du bliver tildelt.

Jeg vil sætte dig før systemet og give dig reel frihed til selv at bestemme.

Jeg mener at det er vigtigt at pengene følger borgeren, uagtet om det er i grundskolen, ældreplejen eller sundhedsvæsnet. Jeg tror på at mere frihed i velfærden vil føre til mere konkurrence og bedre velfærd for dig. "
127,Hanne Bjørn,I,1,Styrket retssikkerhed for borgerne,"Retssikkerhed er grundlaget for et frit samfund. Staten skal overholde loven – ligesom borgerne skal. Jeg vil arbejde for enklere regler, mindre bureaukrati og en forvaltningsdomstol, så borgere kan få prøvet deres sag mod myndighederne. Systemet må aldrig blive vigtigere end mennesket."
127,Hanne Bjørn,I,2,"Frihed, ansvar og mindre bureaukrati","Jeg har grundlæggende tillid til mennesker. Vi behøver ikke detailregulere hinanden – vi behøver klare rammer og ansvar. Staten skal løse vores fælles kerneopgaver, men drives enkelt og uden unødigt bureaukrati. Den er til for borgerne – ikke omvendt. Frihed forpligter, og loven skal gælde både borgere og myndigheder.
Min frihed går kun til den næstes næsetip. Vi har alle et ansvar for den måde vi"
127,Hanne Bjørn,I,3,En stærk folkeskole med faglighed og ro,"Folkeskolen skal give børn kundskaber, karakter og muligheder. Der skal være ro i klassen, tydelig ledelse og respekt for lærernes autoritet. Børn har brug for dannelse, retning og voksne, der stiller krav. Fællesskabet kræver ansvar – også når det er svært. Skolen skal ruste børn til livet, ikke pakke dem ind."
128,Jacqueline Kristensen,I,1,Frihed til uddannelse,"Børnefamilier skal kunne regne med høj faglighed og ro i klasselokalet.
Skoler skal have frihed til at finde lokale løsninger i stedet for detailstyring fra Christiansborg."
128,Jacqueline Kristensen,I,2,Et stærkere forsvar,"Det skal være trygt at bo i rigsfællesskabet – også i den nye sikkerhedspolitiske virkelighed.
Bedre vilkår for soldaterne, herunder opgradering af kasernerne. 
Flere kvinder."
128,Jacqueline Kristensen,I,3,Grøn fornuft,"Teknologi frem for forbud. Atomkraft skal indgå i energisystemet, så vi også kan optimere udnyttelsen af vores vindenergi. 
Grøn omstilling skal ske med omtanke for både økonomi og konkurrenceevne."
129,Patrizia Venturelli Christensen,I,1,Frihed og kvalitet i velfærden,"Velfærd skal tage udgangspunkt i mennesker, ikke systemer. Ældre og mennesker med handicap skal have reelle valgmuligheder. Familier skal have fleksibilitet i hverdagen. Fagprofessionelle skal have frihed til at bruge deres faglighed frem for at drukne i regler og kontrol. Mindre bureaukrati giver både højere kvalitet og større værdighed."
129,Patrizia Venturelli Christensen,I,2,Ansvarlig økonomi og stærke rammer,"Velstand skabes af mennesker og virksomheder. Derfor skal skatteregler være stabile og lette at forstå. Udligningen skal være retfærdig og gennemsigtig. Iværksættere og små og mellemstore virksomheder skal have bedre vilkår. Boligbeskatningen skal være fair og forudsigelig. Klare rammer og ansvarlig økonomi skaber tryghed, investeringer og vækst."
129,Patrizia Venturelli Christensen,I,3,"Fremkommelighed, sikkerhed og livskvalitet","Mobilitet er en forudsætning for både frihed og vækst. Vi skal sikre bedre fremkommelighed gennem planlægning på tværs af kommunegrænser og investeringer, der faktisk løser trængslen. Støj og trafiksikkerhed skal prioriteres, hvor de påvirker menneskers hverdag. Kystsikring og vandkvalitet kræver national koordinering. Infrastruktur handler om livskvalitet – ikke kun asfalt."
130,Michael Melchert,I,1,Bundfradraget skal hæves til 7.000 kr.,Det skal bedre kunne betale sig at arbejde. Forslaget vil særligt give dem med de laveste indkomster flere penge mellem hænderne. 
130,Michael Melchert,I,2,Flere ejerboliger,"Der skal sikres langt flere ejerboliger. At eje sin egen bolig bør være muligt for alle danskere. Det er manglen på ejerboliger, der har drevet de store prisstigninger og dermed udelukket flere og flere fra at komme ind på boligmarkedet. Folk skal have frit mellem at eje eller leje, men som det er nu er alt for mange udelukket fra at eje. Det skal vi have rettet op på."
130,Michael Melchert,I,3,Atomkraft,"Vi skal sikre, at atomkraft bliver en reel mulighed i energiforsyningen i Danmark. Det vil give os mere stabil og vedvarende energi som både er bedre og billigere men også reducere vores Co2-udledning markant."
819,Frank Clausen,I,1,Mindre bureaukrati og færre regler,
819,Frank Clausen,I,2,Mere kvalitet for pengene ved frihed og konkurrence i velfærdsstaten,
503,Monika Rubin,M,1,Et sundt og bæredygtigt Danmark starter med forebyggelse,"Vi kan ikke løse Danmarks sundhedsproblemer ved kun at behandle sygdom. Vi skal blive langt bedre til at forebygge dem. Forebyggelse giver nemlig et stærkere liv for den enkelte og mindre pres på sundhedsvæsenet. Derfor vil jeg indføre skolemad og fjerne moms på frugt og grønt, så sunde valg bliver for alle – ikke et privilegium."
503,Monika Rubin,M,2,Lighed i sundhed er en grundsten i et velfungerende sundhedsvæsen.,"Sundhed må ikke afhænge af postnummer, køn eller økonomi. Jeg vil bekæmpe ulighed i sundhed, styrke kvinders sundhed og forskning og sikre lige adgang og respekt for alle – blandt andet ved at afskaffe tolkegebyret."
503,Monika Rubin,M,3,"Et sundhedsvæsen med plads til dem, der ikke passer ind i en kasse","Der er brug for et sundhedsvæsen, der i langt højere grad favner de patienter, som ikke passer ind i standardforløb. Det gælder mennesker med kroniske, sjældne eller kritiske sygdomme, hvor kompleksiteten kræver fleksible løsninger og bedre koordination på tværs af specialer. Systemet må indrettes efter patienternes behov — ikke omvendt."
504,Karan Khosla,M,1,16-årsgrænse & telefonfri skoler stop SoMe’s greb om børn og koncentrationskrise,"Børn får i dag fri adgang til digitale produkter designet til at fastholde dem i timevis. Det driver en koncentrationskrise, der rammer læring og trivsel: 192 notifikationer om dagen afbryder fokus hele tiden. Jeg vil have 16-årsgrænse med reel aldersverificering (platformenes ansvar) og telefonfri skoler, så ro, fokus og faglighed kommer tilbage."
504,Karan Khosla,M,2,Optag efter relevante fag – stop perfektionstyranniet i studieoptagelsen,"Tænk hvis Einstein var blevet afvist pga. en dårlig karakter i oldtidskundskab. I dag risikerer vi netop det. Jeg ønsker et differentieret optagelsessystem, hvor uddannelserne vælger de fag, der reelt er relevante for optag. Retfærdighed, plads til talent og et opgør med perfekthedskulturen. Jeg vil give uddannelserne ansvar for at vælge relevante adgangsfag, hvor netop de karakterer tæller."
504,Karan Khosla,M,3,Flere børnepsykologer med ydernummer – hjælp før det bliver psykiatri,"Alt for mange børn og unge venter for længe på psykologhjælp, og familier ender med at betale privat. Jegvil oprette flere ydernummer-psykologer på børneområdet, så hjælp kan gives tidligt uden unødige henvisninger til psykiatrien. Det skal sænke ventetiderne, mindske geografisk ulighed (især uden for hovedstaden) og aflaste psykiatrien gennem bedre samarbejde mellem læger, psykologer og psykiater"
505,Özkan Kocak,M,1,Smartere Infrastruktur i KBH Omegn,"Jeg ønsker, at København og omegn får en smartere og mere sammenhængende infrastruktur. Det handler både om at udvide Metroen til områder som Rødovre, overveje letbaneforbindelser til lufthavnen og skabe bedre cykel- og kollektivtrafikmuligheder. God infrastruktur betyder mindre trængsel, bedre miljø og mere effektiv hverdag for borgere og erhvervsliv."
505,Özkan Kocak,M,2,Tryghed i hverdagen,"Frihed kræver tryghed.

Jeg vil:

• Styrke politiet og domstolene
• Slå hårdt ned på organiseret kriminalitet
• Bekæmpe cyberkriminalitet
• Forebygge kriminalitet blandt unge
• Sikre effektiv resocialisering

Konsekvens og forebyggelse skal gå hånd i hånd."
505,Özkan Kocak,M,3,En ny politisk kultur,"Jeg tror på:

• Evidens frem for symbolpolitik
• Samarbejde frem for skyttegrave
• Løsninger frem for slogans

Vi kan godt både styrke erhvervslivet, beskytte klimaet og skabe tryghed.

Det kræver, at vi samler – når andre splitter."
506,Dorthe Beck-Nyling,M,1,Sundheds- og sociallovgivningen skal hænge sammen –fordi mennesker hænger sammen,"Sundheds- og sociallovgivningen skal i højere grad integreres med hinanden.
I dag organiserer vi velfærd i søjler, men mennesker lever ikke i søjler. Fragmenteret lovgivning skaber unødvendigt bureaukrati, kassetænkning og risiko for, at borgere falder mellem systemer. Jeg arbejder for mere forpligtende koordinering og fælles ansvar mellem sundheds- og socialområdet."
506,Dorthe Beck-Nyling,M,2,"Vi skal gribe børn og unge, før problemerne vokser sig store","Jeg mener, at forebyggelse og tidlig indsats for børn og unge skal prioriteres højere. Alt for ofte vælges den billigste løsning først frem for den rigtige, hvilket fører til flere nederlag og større problemer senere. Tidlig og målrettet indsats er både mere menneskelig og mere økonomisk ansvarlig."
506,Dorthe Beck-Nyling,M,3,Værdighed skal kunne mærkes i hverdagen,"Værdighedsreformen skal omsættes til konkrete forbedringer i hverdagen. Det kræver mere fleksibilitet, større fagligt råderum og mobile tilbud, så mennesker med handicap, psykiske lidelser eller i ældreplejen mødes med løsninger, der passer til deres liv – ikke standardpakker."
507,Frederik Lau Petersen,M,1,Mere frihed og økonomi i hverdagen,"Hverdagen skal kunne hænge sammen. Uanset om man har fritidsjob, studiejob eller er på arbejdsmarkedet, skal politik give muligheder – ikke en konstant følelse af at være bagud. For mange handler det ikke om luksus. Det handler om ro til at få det hele til at fungere. Når råderummet vokser, ændrer hverdagen karakter. Og når flere får den frihed, står Danmark stærkere og flere kan trives."
507,Frederik Lau Petersen,M,2,"Vi skal turde løfte taktstokken, når det gælder energi og sikkerhed","Når vi taler om den grønne omstilling, er det rigtige spørgsmål hvor og hvor meget, ikke om det skal ske. Verden er blevet mere uforudsigelig, og det kan mærkes helt ind i danske hjem og virksomheder. Energipolitik handler ikke kun om klima – men også om tryghed, konkurrencekraft og national robusthed. Derfor skal Danmark sikre stabil energi og gøre Danmark mindre sårbart over for kriser."
507,Frederik Lau Petersen,M,3,"Frihed og tryghed, når man bliver ældre","Staten skal ikke bestemme, hvor længe man skal arbejde. Det valg følger livet, helbredet og situationen derhjemme. Der skal være plads til at trappe ned i stedet for at stoppe brat. Og der skal være respekt for begge veje. Pensionen passer ikke ind i én fast model. Det handler om frihed, fleksibilitet og respekt for, at mennesker er forskellige."
508,Betina Asbæk,M,1,Børn og unges mistrivsel / folkeskolen,
879,Zishan Ali,M,1,Folkeskolen først,"Folkeskolen er nok Danmarks vigtigste institution. Fejler den, fejler vi som samfund.

Vi ser flere børn i mistrivsel, mere dokumentation og mindre undervisning. Problemet er ikke børnene – det er rammerne.

Løsningen er ikke flere regler, men mere tillid.

Skolen skal have ro og retning – ikke nye eksperimenter."
879,Zishan Ali,M,2,Ansvarlig økonomi - Stærk velfærd,"Stærk velfærd kræver sunde offentlige finanser og reformer, der øger arbejdsudbuddet. Det skal kunne betale sig at arbejde. Mindre bureaukrati og kloge investeringer i uddannelse og grøn omstilling."
879,Zishan Ali,M,3,Fast politik - Ordentlig tone,"Danmark er en retsstat. Klare krav, konsekvens og respekt for konventionerne. Vi vurderer mennesker på handlinger, ikke baggrund – og samler, hvor yderfløjene splitter."
669,Mikkel Bjørn,O,1,"Vores land, vores regler - ingen islamiske særhensyn","Vores fællesskab bygger på danske love og dansk kultur – ikke religiøse eller kulturelle parallelsystemer. Derfor skal vi sige klart nej til islamiske særhensyn i det offentlige rum: ingen sharia-inspirerede undtagelser, særkrav i institutioner eller pres på ytringsfriheden. I Danmark gælder én retsorden og samme regler for alle. Danmark er vores land og her gælder vores regler og vores kultur."
669,Mikkel Bjørn,O,2,Trygge gader og trygge skoler,"Mere nærpoliti i gaderne og hurtigere respons, når borgerne ringer. Vold, trusler og hærværk skal mødes med konsekvent straf og korte processer ved domstolene. I skolen skal der være ro til undervisning: Skolen skal kunne gribe ind, sætte klare grænser og bortvise elever ved grov uro, vold eller trusler, så resten kan lære i fred. Udenlandske kriminelle skal udvises konsekvent og betingelsesløst."
669,Mikkel Bjørn,O,3,Stop frås med borgernes penge,"Borgernes skattekroner skal alene bruges på velfærd, sikkerhed og kerneopgaver. Det er lønnen fra eksempelvis sosu’en, mureren og butikschefen, der betaler regningen – og de har ret til, at pengene går til hænder i ældreplejen, tryghed i gaderne og ordentlig service. Borgernes penge skal ikke være politikernes private hæveautomat."
670,Hans Blaaberg,O,1,Styrkelse af strafferetskæden,"Straffen skal stå mål med forbrydelsen. Alt for ofte oplever ofre, at gerningsmænd slipper for billigt eller venter urimeligt længe på dom og afsoning. Vi skal have hårdere straffe for grov og personfarlig kriminalitet, hurtigere sagsbehandling i retssystemet og konsekvent afsoning. Samtidig skal ofrenes rettigheder og støtte styrkes markant – retfærdighed skal mærkes."
670,Hans Blaaberg,O,2,Udvisning og hjemsendelse af kriminelle udlændinge,"Udlændinge, der begår grov kriminalitet og idømmes betinget eller ubetinget fængsel, skal udvises af Danmark. En udvisningsdom skal gennemføres konsekvent – ikke udskydes i årevis. Beskytter internationale konventioner kriminelle frem for borgerne, må de genforhandles eller opsiges. Danskernes tryghed skal veje tungere end hensynet til kriminelle udlændinge."
670,Hans Blaaberg,O,3,Stalking og psykisk vold,"Stalking og psykisk vold ødelægger liv og skal tages langt mere alvorligt. Vi skal indføre strakstilhold, så ofre får øjeblikkelig beskyttelse. Overtrædelse af tilhold skal medføre fængselsstraf – allerede ved første brud. Fokus skal være på ofrenes tryghed: Det er gerningsmanden, der skal flyttes og begrænses, ikke den, der udsættes for overgreb."
671,Mikkel Dencker,O,1,Dansk kultur og traditioner,"I Danmark skal dansk kultur og danske traditioner have naturlig førsteret. Derfor skal det offentlige understøtte at danske og kristne traditioner og højtider markeres i offentlige institutioner.
Fremmede traditioner og kulturer skal ikke have nogen plads i det offentlige liv i Danmark og skal derfor ikke markeres i offentlige institutioner eller i det offentlige rum."
671,Mikkel Dencker,O,2,Stram udlændingepolitik,"Danmark skal have en stram udlændingepolitik. Det betyder at der som udgangspunkt ikke skal være adgang til Danmark for udlændinge, som kommer fra kulturer, der adskiller sig væsentligt fra dansk kultur.

Vi skal udvise kriminelle udlændinge, uden hensyntagen til internationale konventioner. Det må til enhver tid være en beslutning der tages i Danmark, hvem der skal udvises af landet."
671,Mikkel Dencker,O,3,Tryghed i hverdagen,"Det skal være trygt at bo i Danmark. Og det gælder overalt i Danmark. Derfor skal der prioriteres flere ressourcer til politiet, så der er en synlig tilstedeværelse alle steder i landet.
Vi skal have strengere straffe, så kriminelle kommer i fængsel og dermed effektivt fjernes fra det offentlige rum. Kriminelle udlændinge skal udvises."
672,Kim Hammer,O,1,Udlændingeproblematikken,
672,Kim Hammer,O,2,Bedre ældrepleje,
672,Kim Hammer,O,3,Flere hjemsendelser,
673,Tenna Røberg,O,1,Fødevare skal være til at betale for alle danskere,"Mad er ikke en luksus, men en nødvendighed, som skal være til at betale for alle danskere. Almindelige familier skal kunne få hverdagen til at hænge sammen, og derfor skal vi føre en ansvarlig politik, der dæmper de stigende fødevarepriser nu."
673,Tenna Røberg,O,2,Respekt for dansk kultur og sammenhængskraft ,"Vi skal kunne føle os trygge i vores eget samfund og stille klare krav om, at dansk kultur respekteres af alle, der ønsker at være en del af Danmark. En fælles kultur er fundamentet for tryghed, tillid og stærke fællesskaber og forudsætter fælles spilleregler, et fælles sprog og tydelige normer."
673,Tenna Røberg,O,3,Værdigheden skal tilbage i socialpolitikken,"Dem, der kan selv, skal have lov selv. Dem der har brug for en ekstra hånd, skal mødes med hjælp og respekt og ikke piskes rundt i et offentligt system, der ikke har øje for den enkelte borger."
674,Zandra Thulstrup Pihl,O,1,Tryghed og udlændingepolitik,"Som mor til tre ser jeg, hvordan utryghed påvirker familiers hverdag. Under mine 12 år i Frankrig oplevede jeg, hvor hurtigt problemer kan vokse, når integrationen fejler. Den udvikling må vi ikke tillade i Danmark. Parallelsamfund skal afvikles, og kriminalitet skal have klare konsekvenser, inklusive udvisning af kriminelle udlændinge. Tryghed er retten til at kunne færdes frit i sit eget land."
674,Zandra Thulstrup Pihl,O,2,Ældre og værdighed,"Som SSA elev møder jeg dagligt ældre, der har bygget vores samfund op. De fortjener værdighed, men bureaukrati stjæler i dag tid fra omsorgen. Værdighed kræver personale med den rette faglighed og tid til omsorg. Samtidig skal seniorer, der kan og vil arbejde, mødes med respekt og have fleksible muligheder for at blive på arbejdsmarkedet på egne vilkår. Det handler om respekt for den enkelte"
674,Zandra Thulstrup Pihl,O,3,"Børn, skole og familie","Som mor til tre ser jeg, hvor afgørende skolen er for børns trivsel. Den forfejlede inklusion har presset både lærere og elever, og roen i undervisningen er udfordret. Lærernes autoritet skal genoprettes, og voldelig adfærd skal have konsekvenser. Samtidig skal familier have større økonomisk frihed, så forældre selv kan prioritere tid med deres børn. "
675,Michael Jensen,O,1,Senior/Ældre ,"Seniorer og ældre skal mødes med respekt og ordentlighed. I dag presses omsorg ind i skemaer og minuttyranni, hvor tid og nærvær forsvinder. Tilsyn skal komme i tide, og teknologi skal bruges med omtanke - som støtte til mennesker, ikke som erstatning. Ældrelov og sundhedsreform- skal overvåges tæt, da reformer har en tendens til at glemme mennesket"
675,Michael Jensen,O,2,Familie/Handicap og Psykiatri,"Familie, handicap og psykiatri hænger sammen. Når en del svigter, ramler det hele. Familier ved som udgangspunkt godt, hvad deres børn har brug for. Mennesker med handicap skal have klar støtte, og psykisk syge skal have hjælp i tide. Mindre bøvl, mere ansvar. Det skal fungere i virkeligheden."
675,Michael Jensen,O,3,Udlændingepolitik,"Integration skal bygge på krav og ansvar. Man kommer hertil på danske vilkår – ikke omvendt. Respekt for loven, sproget og dem, der allerede bor her. Fast kurs, klare regler og ingen undtagelser. Ellers ramler det hele."
434,Astrid Søborg,V,1,Trafikløsninger til hovedstadsområdet og mindre trafikstøj,"Hovedstadsområdet mangler statslige investeringer til at bekæmpe trafikstøj og håndtere trængsel. Vi skal fx have metro helt ud til forstæderne, så vi hurtigere og nemmere kan transportere os, undgå spildtid og forsinkelser. Investeringerne i hovedstadsområdet er ikke fulgt med de mange flere mennesker, der nu bor i hovedstadsområdet."
434,Astrid Søborg,V,2,"Skoler med ro, dannelse og fagligt fokus","Trivsel er vigtigt, men vi skal have øget fokus på det faglige og på skolens fag. Der skal fokus på dannelse, så børnene lærer at se sig selv som en del af Danmark, en del af en stør større verden og som en del af fællesskabet. Der er ikke brug for flere penge eller centralt fastsatte klassestørrelser – der er brug for principper. Vi må have en åben debat om både lærerrollen og forældrerollen. "
434,Astrid Søborg,V,3,"Vi skal prioritere kerneopgaverne - forsvar, politi, ældrepleje, vuggestuer","Vi skal prioriterer samfundets kerneopgaver, og vi skal igen turde tale om kernevelfærd. Det skal være ok at vælge fra og sige, at politi, ældrepleje, vuggestuer og forsvar i disse år er vigtigere end f.eks. gratis skolemad. Vi skal have fokus på det vigtige."
435,Christopher Reimer Blomsterberg-Thaysen,V,1,Mindre støj ,"Børn skal have de bedste betingelser for at lære og trives. Derfor skal vi have mindre støj i klasselokalerne, så undervisningen styrkes, og både elever og lærere får et bedre arbejdsmiljø. 
Samtidig lever alt for mange familier på Vestegnen med konstant motorvejsstøj. Det er urimeligt og skadeligt for både helbred og livskvalitet. Der skal investeres massivt i at reducere støjen! "
435,Christopher Reimer Blomsterberg-Thaysen,V,2,Mindre trængsel,"Ventelisterne i sundhedsvæsenet er for lange, især i psykiatrien. Det rammer dem, der ikke har råd til at vente. Vi skal have hurtigere behandling, mere kapacitet og bedre udnyttelse af både offentlige og private tilbud. 

Pendlerne på Vestegnen spilder alt for mange timer i kø. Det er tid væk fra familie, fritid og arbejde. Vi har brug for bedre infrastruktur særligt på tværs af fingrene "
435,Christopher Reimer Blomsterberg-Thaysen,V,3,Mindre utryghed ,"Kriminalitet skal mødes med konsekvens, og udenlandske kriminelle skal udvises. Danmark skal være et land, hvor borgerne kan leve uden frygt, og hvor retssikkerheden står stærkt.
Samtidig mærker mange danskere presset fra stigende priser. Der er behov for en ansvarlig økonomisk politik, der gør hverdagen mere økonomisk tryg: lavere skat på arbejde, færre afgifter og ro for boligejerne"
436,Kim Valentin,V,1,Danskernes hverdag skal være tryg og sikker,"Danmark er et smørhul i verden men verden er i forandring og de værdier vores samfund bygger på er også under pres. Det pres kommer autoritære stater omkring os, og en tilbagevenden til den stærkes ret. Det kræver at vi tager ansvar for vores egen sikkerhed gennem øget militært forsvar og en åndelig oprustning. Det handler eksvis. også om ikke at lade techgiganterne stjæle vores børns tid."
436,Kim Valentin,V,2,Nej tak til formueskat og flere boligskatter,"Danmark er i forvejen det land i verden som har de højeste personskatter. En formueskat vil være en hæmsko for vækst og reducere opsparing og investeringer i din privatøkonomi. Den vil beskatte de samme penge igen og igen, og den vil gøre danskerne og Danmark fattigere. Boligskatten skal ikke op - men væk. Grundskylden er blevet for høj og bør fjernes sammen med et ringe ejendomsskattesystemet."
436,Kim Valentin,V,3,Frit valg for dig i dit liv,"Jeg har været med til at fjerne jobcentrene i Danmark i denne periode i Folketinget. Det var en mærkesag for mig sidste gang jeg gik til valg. Det er et godt eksempel på hvordan vi som samfund sætter mennesket før systemet og hvordan jeg også vil arbejde for at skabe mere frihed i dit liv som pensionist, børnefamilie, studerende eller hvor du nu er."
968,Luise Hjortebjerg,V,3,"En værdig alderdom med frihed, kvalitet og respekt for den enkelte.",Vi skylder de ældre en tryg og værdig alderdom. Ældre skal mødes med respekt og have indflydelse på deres egen hverdag. Samtidig vil jeg arbejde for bedre og tidligere hjælp til mennesker med demens og Alzheimers. Vi bør se på mere sammenhængende demensforløb – inspireret af kræftpakkerne – så både patienter og pårørende hurtigt får den rette støtte.
437,Maria Ladegaard,V,1,Styr på folkeskolen,"I Folketinget skal vi investere, så de fysiske rammer i skolen er tidssvarende og understøtter børnenes læring. I undervisningen skal der igen være fokus på kerneopgaven: Eleverne skal lære at skrive og regne. Og så vil jeg gøre op med inklusionen i folkeskolen. Som det er nu, skygger de gode politiske intentioner for både flertallets læring og de inkluderede børns trivsel. "
437,Maria Ladegaard,V,2,Tryghed om familielivet,"Det er en politisk kerneopgave at gøre livet lettere for dig og din familie. 
Jeg vil arbejde for, at du får flest muligt af dine egne penge udbetalt, for du kan bruge dem bedre end nogen politiker. Jeg vil kæmpe for ordentlig klimasikring, så dit hus ikke pludselig sejler væk i en blanding af kloakvand og nedbør.

Og så siger jeg nej til alle forslag om at skrue op for beskatningen af din bolig."
437,Maria Ladegaard,V,3, Plads til forskellighed og valgfrihed,"Nogle ting bliver bedre af politik - heldigvis, men jeg er af den grundlæggende overbevisning, at politikere skal blande sig mere udenom. 
Du har lov til at leve, som du har lyst. Der er plads til forskellighed og valgfrihed til at indrette sig. Sådan skal det blive ved med at være. Det vil jeg kæmpe for, og derfor stiller jeg op til Folketinget. "
438,Marie Brixtofte,V,1,Skærm unge hjerner,"Alkohol og skærme presser børn i en sårbar tid. For mange drikker for at passe ind, og for mange fastholdes i vanedannende platforme i timevis. Problemet er ikke den enkelte unge, men kulturen og designet omkring dem. Vi skal styrke forældre med fælles aftaler og klar viden, hæve salgsalderen og bakke op om skærmfrie rammer. Børns trivsel og frihed skal komme først."
438,Marie Brixtofte,V,2,"Lav, enkel skat","Danmark er blevet et land af deltidseksperter i regler og fradrag. Selv som økonom må jeg erkende, at skattesystemet er uigennemskueligt. For høje marginalskatter svækker både økonomien og menneskers lyst til at yde. Som psykolog ved jeg, at autonomi skaber ansvar. Derfor vil jeg have lav, enkel skat med færre satser, mindre bureaukrati og mere handlekraft tilbage til dig."
438,Marie Brixtofte,V,3,Bedre normeringer,"Kvalitet i dagtilbud måles ikke i skemaer, men i ro, relationer og voksne med tid. Normeringer er vigtige, men tal alene skaber ikke kvalitet. Den opstår, når faglighed og dømmekraft får plads tæt på børnene. Derfor skal ansvaret ligge hos den pædagogiske leder. Tidlig kvalitet er både klog økonomi og afgørende for børns trivsel og udvikling."
722,Charlotte Munch,Æ,1,Omegnskommunerne drukner i støj,"Alt for mange familier lever med konstant larm fra motorveje og gennemkørende trafik. Det slider på både helbred og livskvalitet. Vi skal have reelle støjskærme, lavere hastigheder hvor det giver mening og en trafikplanlægning der tager hensyn til mennesker før asfalt. "
722,Charlotte Munch,Æ,2,Kriminelle udlændinge skal ud,"Hvis man kommer til Danmark og begår alvorlig kriminalitet, skal konsekvensen være klar. Flere kriminelle skal sendes ud. Vores tryghed kommer først."
722,Charlotte Munch,Æ,3,Værdig ældrepleje med kendte ansigter,"Ældre skal ikke mødes med nye vikarer hver uge. De skal mødes med faste medarbejdere, tid til omsorg og en pleje, der bygger på respekt og stabilitet."
724,Susanne Damsgaard,Æ,1,Tslblindhed,"Jeg møder hver dag mennesker, der kæmper med noget, vi alt for længe har overset: talblindhed.
Børn og unge, der tror, de er ""dumme"", fordi tallene aldrig giver mening.
Det gør ondt at se selvtilliden forsvinde, når problemet i virkeligheden er manglende forståelse og støtte.
Vi har nationale testcentre for ordblindhed - det skal vi også have for talblindhed. Ingen børn skal knækkes af et system. "
724,Susanne Damsgaard,Æ,2,Straksudvisning af kriminelle indvandrere,"Retfærdighed skal være konsekvent. Og den skal være tydelig. Når man kommer til Danmark, følger der ikke kun rettigheder med, men også et ansvar. Respekt for vores love, vores værdier og fællesskab. Begår man kriminalitet så er det UD. Alt for ofte oplever vi lange sagsforløb, ankesager og bureaukrati, der gør, at kriminelle udlændinge bliver i landet på trods af domme. Det skaber utryghed."
724,Susanne Damsgaard,Æ,3,Erhvervsuddannelser,"Danmark bygges ikke kun på ord - men på hænder, kunnen og ansvar. Vi skal styrke erhvervsuddannelserne, sikre flere praktikpladser og give unge en stolt vej ind i arbejdsfællesskabet. 
Erhvervsuddannelser er ikke et alternativ. 
De er fundamentet."
291,Helge Bo Jensen,Ø,1,,
291,Helge Bo Jensen,Ø,2,,
291,Helge Bo Jensen,Ø,3,,
287,Ibrahim Benli,Ø,1,Vi skal bekæmpe ulighed og børnefattigdom ,"Ingen børn skal vokse op i fattigdom, og deres fremtid må ikke afgøres af forældrenes pengepung. Fattigdom sætter spor langt ind i voksenlivet – det kan vi ikke være bekendt. I et rigt land som Danmark skal der være plads til at være syg eller arbejdsløs og stadig have råd til mad og tøj til sine børn. Vi skal gøre op med uligheden. Ingen bør leve af ydelser, der ikke dækker basale behov "
287,Ibrahim Benli,Ø,2,Loft over huslejen ,"Det skal være muligt for almindelige mennesker at bo i Hovedstadsområdet. Boligmarkedet må ikke overlades til spekulanter, der maksimerer profit via høje huslejer. Derfor vi i Enhedslisten indføre loft over huslejer på nyere byggeri (efter 1991), så kapitalfonde og investorer ikke kan hæve lejen ved genudlejning."
287,Ibrahim Benli,Ø,3,Kortere vej til  statsborgsskab for unge med minoritetsbaggrund,"Tusindvis af unge med minoritetsbaggrund er i dag afskåret muligheden for at stemme ved folketingsvalget pga. manglende dansk statsborgerskab. Det er et demokratisk underskud, at unge, der er født og opvokset i Danmark og betaler skat, ikke kan medbestemme den politiske retning i dette land. Jeg vil arbejde for kortere vej til statsborgerskab for unge, der har folkeskolens afgangsprøve.
"
285,Clara Turms,Ø,1,Kampen mod racisme,"Alt for længe har en lille politisk elite sået splittelse ved at indføre ghettolovgivning,  stramme reglerne for statsborgerskab og gennemføre diskriminerende symbolpolitik.
Jeg kæmper for at afskaffe ""ghettolovgivningen"", anerkendelse af Palæstina, sikre fair adgang til statsborgerskab og for en solidarisk flygtningepolitik.

"
285,Clara Turms,Ø,2,Klimahandling nu,"Det er afgørende at politikerne tager klimakrisen seriøst, og arbejder benhårdt for at passe på den planet, de næste generationer skal vokse op på.

Jeg kæmper for klimahandling, rent drikkevand og for at stoppe al udvinding af fossile brændsler."
285,Clara Turms,Ø,3,Ligestilling,"Jeg kæmper for en verden, hvor du har de samme muligheder og rettigheder uanset baggrund, køn eller seksualitet.

Jeg kæmper for LGBTQ+ personers rettigheder i sundhedssystemet."
289,Fatih Baran,Ø,1,"En folkeskole med tid, ressourcer og nærvær til alle børn","Jeg vil arbejde for en folkeskole, hvor alle børn mødes med tid, faglighed og omsorg. Flere lærere og stærkere rammer skal skabe ro, trivsel og kvalitet i undervisningen, så ingen børn tabes undervejs."
289,Fatih Baran,Ø,2,Et retfærdigt og inkluderende statsborgerskab,"Statsborgerskab skal bygge på lige rettigheder og rimelige krav. Mennesker, der arbejder og er en del af fællesskabet, skal mødes med tillid og retssikkerhed. Jeg vil arbejde for fair regler og et opgør med den mistillid, der præger området i dag."
289,Fatih Baran,Ø,3,En ambitiøs grøn omstilling med social retfærdighed,"Den grønne omstilling skal gå hurtigere, men den skal også være retfærdig. Vi skal investere i kollektiv transport, energirenoveringer og grønne job, så almindelige familier ikke betaler regningen alene. Klimaindsatsen skal skabe mindre ulighed og bedre livskvalitet – ikke det modsatte."
290,Emil Viskum,Ø,1,Bedre Børneliv,"Jeg stiller op, fordi vi som samfund bør måles på, hvordan vi behandler vores børn. Når vi investerer i børn, investerer vi i også i fremtiden.
Ingen børn skal vokse op i fattigdom. Ingen børn skal stå alene med mistrivsel. Og ingen børn skal opleve en skole, der ikke har tid til dem.
"
290,Emil Viskum,Ø,2,Gang i den grønne omstilling,"Jeg vil kæmpe for at sætte gang i den grønne omstilling, hvor klima og natur går forud for profit. Jeg vil sikre rent drikkevand uden pesticider og PFAS, stoppe miljøskadelig svineproduktion og fremme økologisk landbrug. Danmark skal være drevet af 100 % vedvarende energi – sol, vind og fællesskab – for en retfærdig og bæredygtig fremtid for alle."
290,Emil Viskum,Ø,3,Et Danmark hvor alle har råd til at leve i,"Uligheden i Danmark har været støt stigende de seneste år, hvilket betyder at de der har mindst har fået svært ved at føre et værdigt liv. Vi skal derfor sikre gratis tandlæge og medicin, en retfærdig boligpolitik, lavere priser i supermarkedet, billigere offentlig transport og sociale ydelser man kan leve af."
288,Caroline Lochow,Ø,1,Fair vej til statsborgerskab,"Det er uretfærdigt, når mine venner og jeg ikke har samme rettigheder, selvom vi er vokset op sammen. Det er uretfærdigt, at alle ikke får lov til at deltage i demokratiet i det land, hvor de bor og betaler skat. Danskhed vurderes ikke på en test i paratviden om Danmark. Hvis man har boet her længe, er født her eller har gået i folkeskole her, er man ikke mindre dansk end mig. "
288,Caroline Lochow,Ø,2,Bevar 10. klasse og HF,"Der er kommet alt for høj fart i uddannelsessystemet. Vi presser lige nu unge, selvom vi ved, at vi ikke trives. 10. klasse og HF er vigtige, for der findes lige så mange veje til en eksamen, som der findes elever. Derfor er det vigtigt med en bevarelse, så uddannelsessystem bliver fleksibelt og passer til de mange. "
288,Caroline Lochow,Ø,3,Billigere offentlig transport,"På vejen til et grønnere Danmark, som er bundet sammen fra land til by, er det enormt vigtigt, at den offentlige transport bliver billigere. Alle skal have råd til at bevæge sig til skole, job, klaver eller fodbold; Alle skal have råd til at tage på eventyr og besøge en ven. Bilerne fylder og forurener, lad os tage bus og tog sammen på tværs af hele landet. "
284,Bianca Vitting,Ø,1,BILLIGERE BOLIGER,"Vi skal gøre op med stigende boligpriser, så byerne ikke kun bliver for de rigeste. Vi skal indføre loft over huslejen og bygge flere andels- og almene boliger, så folk med helt almindelig løn også kan bo der i fremtiden"
284,Bianca Vitting,Ø,2,MENTAL TRIVSEL,"Flere børn og unge oplever psykisk mistrivsel. Vi skal gribe ind i tide med den rette støtte og styrke indsatsen for børn med bekymrende skolefravær, så de ikke isoleres i hjemmet. Ventetiden i psykiatrien skal ned, så børn og voksne ikke når at blive meget dårligere inden de kan blive udredt og få hjælp."
284,Bianca Vitting,Ø,3,HANDICAPOMRÅDET,"Vi skal styrke retssikkerheden og sætte ind mod økonomisk kriminalitet på botilbud. Staten skal kompensere kommunerne for de voksende udgifter til det specialiserede socialområde, så økonomien ikke sætter grænser for hjælp i hverdagen."
286,Sune Rastad Bahn,Ø,1,Digital suverænitet,"Danmark er blevet et gennemdigitaliseret samfund, desværre ved hjælp af teknologiske løsninger som vi ikke selv ejer. Af hensyn til vores demokrati, vores sikkerhed og selvstændighed skal vi hurtigst muligt få lagt og eksekveret på en plan der sikrer at vi selv har kontrol over alle samfundskritiske it systemer."
286,Sune Rastad Bahn,Ø,2,Tandplejen under den offentlige sygesikring,"Tandsundhed er en vigtig del af det almene helbred. Det er derfor helt skørt at tandlægebesøg ikke er dækket under sygesikringen som ethvert andet lægebesøg. Giv tandlægerne samme vilkår som andre læger, vi undtager jo heller ikke knoglerne i venstre fod fra sygesikringen! "
286,Sune Rastad Bahn,Ø,3,,
390,Tim Wodskou,Å,1,Klima og biodiversitet,"Klima-og biodiversitetskrisen er Danmarks og verdens største sikkerhedstrussel. Hvis vi ikke handler betyder det dyrere fødevarer (og på et tidspunkt knaphed), tørke, finanskriser, flygtningestrømme, og nationale og internationale voldelige konflikter. Løsningerne skal være retfærdige og føre til bedre liv på den anden side - mere nærhed, fællesskab, ro og trivsel. Mindre forbrug, mindre arbejde"
390,Tim Wodskou,Å,2,Børns trivsel,"Vi ser stigende mistrivsel og skolevægring blandt vores børn. Jeg har selv oplevet at have børn i den situation. Vi skal tænke holistisk på hele familien, samfundet og skolen. Vi skal sikre mere ro om vores børn, færre skærme, færre eksamener, flere lærere og pædagoger, bedre rammer, mindre klasser og nemmere hjælp uden omfattende bureaukrati der kræver et kryds under en bogstavskombination."
390,Tim Wodskou,Å,3,Økonomi og retfærdighed,"Vi har en økonomi der ikke virker. Den belønner de allerede rigeste og den gør at vi hele tiden skal løbe hurtigere og hurtigere. Hvorfor? For at de rigeste kan blive rigere, og vi kan producere flere og flere meningsløse plastikdimser. Mens det ødelægger vores fælles klima og naturgrundlag, og gør os triste og stressede. Vi skal have en økonomi der tilgodeser flertallet af befolkningen."
391,Peter Samir,Å,1,Et Danmark uden symbolpolitik ,"Danmark skal være kendt som et mangfoldigt og empatisk land, hvor man må se ud, tro og leve forskelligt. Vi skal droppe symbolpolitikken og den evige hetz mod muslimer. Et stærkt demokrati bygger på frihed, retssikkerhed, respekt og lige muligheder og ikke på tankekontrol eller mistænkeliggørelse af dem, der er anderledes."
391,Peter Samir,Å,2,Styrk Danmarks investeringer udviklingslande,"Hvis Danmark vil vinde klimakampen og bidrage til global stabilitet, skal vi investere MERE og ikke mindre i udviklingslande. Vi skal gå forrest og øge udviklingsbistand til mindst 1% af BNI fordi det er en rigtig god investering for Danmark og i vores børns fremtid: for klimaet, migration, sikkerhed og økonomisk bæredygtighed. "
391,Peter Samir,Å,3,Danmark - verdens førende nation for grønne iværksættere,"Klimakrisen kræver store politiske omstillinger, men lokale ildsjæle kan også hjælpe direkte med innovation og løsninger. Jeg vil gøre det nemmere at være grøn iværksætter i Danmark.  Vi skal åbne for udenlandsk arbejdskraft, gøre det billigere at investeringer i grønne initiativer og at skabe nye virksomheder der udvikles inden for planetens grænser. "
392,Nana Løcke Buttenschøn,Å,1,dyrevelfærd ,Dyr i den konventionelle animalske produktion har det ikke godt. Deres naturlige adfærd er stærkt begrænset og branchen inkl. lobbyvirksomheden Landbrug og Fødevarer har for meget magt. Magten skal tilbage til folket. Og dyrene skal sættes fri. Cagefree agenda nu. 
392,Nana Løcke Buttenschøn,Å,2,Børn med diagnoser skal hjælpes bedre og hurtigere ,"En del helt små børn fra 6 år udviser tegn på en diagnose. De fleste gribes ikke af systemet i tide og de ender ofte ud i selvskadende eller udadreagerende adfærd. Skolepsykologer virker ikke til at de helt i tide spotter signalerne, da de ikke har tid nok til at observere i klassen"
392,Nana Løcke Buttenschøn,Å,3,Borgere med usynligt eller synæigt handikap skal have mere hjælp,"Borgere med synlige og ikke synlige handikap har det fra skolestart svært. På arbejdsmarkedet møder de også problemer. Det vil jeg gerne være med til at sætte mere fokus på. Både i bybilledet, hvordan kommunerne indretter handicapvenlige områder, hvordan skolerne tilrettelægger deres støtte, samt hvordan arbejdsmarkedet og virksomhederne bedre kan udnytte og også hjælpe disse borgere omvendt "
393,Jesper Callesen,Å,1,Trivsel - en meningsfuld hverdag i bedre balance ,"Der er mange børn, unge og voksne der ikke trives. Indretningen af især vores offentlige arbejdsmarked, vores daginstitutioner, skole og uddannelser, for ikke at tale om kontanthjælpssystemet er ikke svaret på trivselskrisen, tværtimod. Der er stress, depression, sygedage og skolevægring og tab af mening. Lad os opruste fællesskaberne og give hinanden tid og økonomi til at indrette vores eget liv."
393,Jesper Callesen,Å,2,"Omlægning til et giftfrit landbrug med færre dyr, der har et godt liv","Landbruget er på et forkert spor. Det er den primære årsag til forureningen af vores indre farvande og drikkevand og det animalske landbrug er på lange stræk usundt for dyr og mennesker. Indtjeningen beriger nogle få, mens naturen og borgerne taber. Vi skal ikke have flere husdyr end det danskerne selv spiser, til gengæld flere lækre økologiske fødevarer i sæson og mere vild natur."
393,Jesper Callesen,Å,3,En konsekvent omstilling til et bæredygtigt samfund,"Danmark skal være førende i omstillingen af energi, transport, industri og økonomi. Al politik og økonomi skal ske inden for planetens grænser. Økonomi er et middel ikke et mål. Det er cirkulær produktion. Vi skal regne på en ny måde. De grønne valg skal være de billigste, forureneren skal betale. Og mere lokalt demokrati og mere økonomisk lighed er en del af vejen for omstillingen. "
394,Thomas Holbech Anker,Å,1,Børn og Unges trivsel i fællesskaber,"Som familiefar, gymnasielærer og forperson i Rødovre Håndboldklub ved jeg, hvad forpligtende fællesskaber kan skabe af glæde, læring og udvikling for børn og unge. Jeg kan dog samtidig se, hvad det betyder for den mentale trivsel hos mange børn & unge, når de ikke inkluderes/får den hjælp, som de har behov for. Dette underbygges desværre af massiv viden indenfor begge mine fag: Idræt og psykologi."
394,Thomas Holbech Anker,Å,2,Mindre stress og mere sundhed gennem forebyggelse frem for behandling,"Det er beskæmmende, så lidt vi politisk taler om at indrette et arbejdsmarked, som vi kan tåle at være på i mange år og et privatliv, som vi har overskud til at trives i uden hamsterhjulsacceleration. I stedet taler de konventionelle partier om forhøjet pensionsalder og forsøger at presse unge ud i systemet alt for tidligt i BNP'ets tjeneste. Der er brug for politisk tillid og mindre detailstyring"
394,Thomas Holbech Anker,Å,3,"Helhedsorienteret grøn omstilling af samfundet med fokus på klima, natur & miljø","Vi har kun planeten til låns og skal give den videre til de næste i minimum samme tilstand, som vi fik den. Det er vi på ingen måde på vej til, og det er skamfuldt. Vi skal have rent drikkevand, kunne bade i vores søer, åer og farvende, og vi skal kunne stole på, at der ikke er gift i vores omgivelser eller i de ting, vi spiser, vi leger med eller klæder os i"
903,Signe Wenneberg,Å,1,"Klima, miljø, bæredygtighed","bygningsbevaring

madkultur og dyrevelfærd"
